TITLE	PATCHED_SIBLING_SERIALS	UNPATCHED_NTSC_SERIALS
007 - From Russia with Love [Demo]	SLES-53553(PAL-M7)	SLUS-21282(NTSC-U); SLUS-29168(NTSC-U)
Alien Hominid	SLES-53139(PAL-M6)	SLUS-21090(NTSC-U)
Alone in the Dark	SLES-55207(PAL-M4)	SLUS-21690(NTSC-U)
Alpine Racer 3	SLPS-20181(NTSC-J)	SCPS-51006(NTSC-J)
Ape Escape 3	SCUS-97501(NTSC-U)	SCUS-97548(NTSC-U)
Asterix & Obelix - Kick Buttix	SLUS-20866(NTSC-U)	SLUS-29111(NTSC-U)
Auto Modellista	SLES-51191(PAL-M5)	SLPM-65124(NTSC-J); SLPM-65183(NTSC-J); SLUS-20498(NTSC-U); SLUS-20642(NTSC-U)
Batman - Rise of Sin Tzu	SLES-51756(PAL-M5)	SLUS-20709(NTSC-U)
Ben 10 - Alien Force - Vilgax Attacks	SLES-55592(PAL-M5)	SLUS-21921(NTSC-U)
Ben 10 - Protector of Earth	SLES-54952(PAL-M5)	SLUS-21661(NTSC-U)
Ben 10 - Ultimate Alien - Cosmic Destruction	SLES-55639(PAL-M5)	SLUS-21938(NTSC-U)
Biker Mice from Mars	SLES-54319(PAL-M5)	SLUS-21578(NTSC-U)
Bully	SLUS-21269(NTSC-U)	SLPS-25879(NTSC-J); SLPS-25950(NTSC-J)
Burnout 3 - Takedown [Demo]	SLES-52584(PAL-M4); SLUS-21050(NTSC-U)	SLUS-29113(NTSC-U)
Burnout Revenge [Demo]	SLUS-21242(NTSC-U)	SLUS-29153(NTSC-U)
Burnout [Demo]	SLUS-20307(NTSC-U)	SLUS-28006(NTSC-U)
CAPCOM VS. SNK 2 MILLIONAIRE FIGHTING 2001	SLPM-65047(NTSC-J)	SLPM-74246(NTSC-J); SLPM-74402(NTSC-J)
CID The Dummy	SLES-55079(PAL-M5)	SLUS-21754(NTSC-U)
Champions - Return to Arms" # aka "Champions of Norrath 2	SLES-53039(PAL-M4); SLUS-20973(NTSC-U)	SLUS-29126(NTSC-U)
Champions of Norrath - Realms of EverQuest	SLES-52325(PAL-M3)	SLUS-29085(NTSC-U); SLUS-29088(NTSC-U)
Chulip	SLUS-20742(NTSC-U)	SLPS-20283(NTSC-J)
Cold Fear	SLES-53158(PAL-M5)	SLUS-21047(NTSC-U)
Commandos - Strike Force	SLES-52768(PAL-M5)	SLPM-66492(NTSC-J); SLUS-21103(NTSC-U)
Coraline	SLES-55470(PAL-M5)	SLUS-21854(NTSC-U)
Crash Bandicoot - The Wrath of Cortex	SLES-50386(PAL-M6); SLUS-20238(NTSC-U)	SLUS-29010(NTSC-U)
Crash Tag Team Racing [Demo]	SLES-53439(PAL-M6)	SLUS-21191(NTSC-U)
Crash of the Titans	SLES-54841(PAL-M6); SLES-54842(PAL-M5); SLES-54843(PAL-R)	SLUS-21583(NTSC-U)
Crazy Taxi	SLPM-62102(NTSC-J)	SLUS-20202(NTSC-U)
DOA2 HARD・CORE	SLPS-25026(NTSC-J)	SLPS-73406(NTSC-J)
Dark Cloud	SCES-50295(PAL-M5); SCUS-97111(NTSC-U)	SCUS-97152(NTSC-U)
Dead to Rights	SLPS-25268(NTSC-J); SLUS-20220(NTSC-U)	SCAJ-20035(NTSC-J)
Devil May Cry [Demo]	SLUS-20216(NTSC-U)	SLPM-61008(NTSC-J); SLPM-61010(NTSC-J); SLPM-65023(NTSC-J); SLPM-65025(NTSC-J); SLPM-65038(NTSC-J); SLPM-66502(NTSC-J); SLPM-74230(NTSC-J); SLUS-29009(NTSC-U)
Disney Princess - Enchanted Journey	SLES-54837(PAL-M3)	SLUS-21660(NTSC-U)
Disney's Treasure Planet	SCUS-97146(NTSC-U)	SLUS-21054(NTSC-U)
Disney/Pixar Cars - Race-O-Rama	SLES-55536(PAL-M5)	SLUS-21883(NTSC-U)
Downhill Domination	SCUS-97177(NTSC-U)	SCUS-97329(NTSC-U)
Dragon Ball Z - Budokai 3	SLES-52730(PAL-M5); SLES-53346(PAL-M5)	SLUS-20998(NTSC-U); SLUS-21123(NTSC-U)
DreamWorks Bee Movie Game	SLES-55016(PAL-M6)	SLUS-21622(NTSC-U)
DreamWorks Madagascar	SLES-53225(PAL-E); SLES-53246(PAL-S)	SLUS-21015(NTSC-U)
DreamWorks Madagascar 2 - Escape 2 Africa	SLES-55374(PAL-M6)	SLUS-21840(NTSC-U)
DreamWorks Shrek the Third	SLES-54770(PAL-E); SLES-54771(PAL-M5); SLES-54774(PAL-M5)	SLUS-21454(NTSC-U)
Driver - Parallel Lines [Demo]	SLES-53556(PAL-M3); SLES-54027(PAL-M3)	SLUS-21271(NTSC-U); SLUS-21399(NTSC-U); SLUS-29185(NTSC-U)
Driving Emotion Type-S	SLUS-20113(NTSC-U)	SLPS-20007(NTSC-J)
EXTERMINATION [体験版]	SCUS-97112(NTSC-U)	PAPX-90211(NTSC-J); SCPS-15011(NTSC-J); SCPS-19202(NTSC-J); SCUS-97160(NTSC-U)
Enthusia Professional Racing [Demo]	SLPM-65948(NTSC-J); SLUS-20967(NTSC-U)	SLPM-61110(NTSC-J); SLPM-66257(NTSC-J); SLUS-29151(NTSC-U)
Fantastic 4	SLES-53145(PAL-G); SLES-53281(PAL-NL)	SLUS-20615(NTSC-U)
Fantavision [体験版]	SCUS-97105(NTSC-U)	PCPX-96302(NTSC-J); SCPS-11002(NTSC-J); SCPS-15030(NTSC-J)
Ferrari Challenge - Trofeo Pirelli	SLES-55294(PAL-M5)	SLUS-21780(NTSC-U)
Final Fantasy X [Demo] [Final Fantasy VI PS1 - Bonus Disc]	SCES-50490(PAL-E); SCES-50492(PAL-G)	SLUS-20312(NTSC-U)
Futurama	SLES-51507(PAL-M5)	SLUS-20439(NTSC-U)
GENJI [体験版]	SCPS-15095(NTSC-J)	PAPX-90522(NTSC-J); SCPS-19318(NTSC-J)
GRAN TURISMO 3 - A-Spec - オートバックス限定リプレイシアター	PBPX-95503(NTSC-U); SCES-50294(PAL-M5); SCUS-97102(NTSC-U)	PAPX-90207(NTSC-J); PAPX-90208(NTSC-J); PBPX-95502(NTSC-J); PCPX-96312(NTSC-J); SCPS-55007(NTSC-J); SCUS-97115(NTSC-U); SCUS-97512(NTSC-U)
GRAN TURISMO 4 - オンライン実験バージョン	SCES-51719(PAL-M5); SCUS-97328(NTSC-U); SCUS-97436(NTSC-U)	PAPX-90523(NTSC-J); PBPX-95601(NTSC-J); PCPX-96649(NTSC-J); SCAJ-30006(NTSC-J); SCPS-17001(NTSC-J); SCPS-19252(NTSC-J); SCUS-90682(NTSC-U); SCUS-97563(NTSC-U)
GRAN TURISMO Concept 2001 Tokyo	SCPS-15010(NTSC-J)	PCPX-96624(NTSC-J); SCPS-19208(NTSC-J); SCPS-55005(NTSC-J)
Gadget Racers	SLES-51911(PAL-M5)	SLUS-20225(NTSC-U)
Genji - Dawn of the Samurai	SCUS-97471(NTSC-U)	SCUS-97504(NTSC-U)
Ghost Rider	SLES-54317(PAL-M5)	SLUS-21306(NTSC-U)
God Hand	SLUS-21503(NTSC-U)	SLPM-66550(NTSC-J); SLPM-74241(NTSC-J)
Gran Turismo - Concept 2002 Tokyo-Geneva	SCES-50858(PAL-M6)	SCPS-55902(NTSC-J); SCPS-55903(NTSC-J)
Grand Theft Auto - Vice City	SLES-51061(PAL-M5)	SLUS-20552(NTSC-U)
Guitar Hero II [Demo]	SLUS-21447(NTSC-U)	SLUS-29198(NTSC-U)
Gungrave	SLPM-65153(NTSC-J); SLUS-20493(NTSC-U)	SLPM-60184(NTSC-J); SLPM-65152(NTSC-J); SLPM-65502(NTSC-J); SLUS-28015(NTSC-U)
Hot Shots Golf Fore!	SCUS-97401(NTSC-U)	SCUS-97427(NTSC-U); SCUS-97430(NTSC-U); SCUS-97515(NTSC-U)
Hot Shots Tennis	SCUS-97610(NTSC-U)	SCUS-97619(NTSC-U)
ICO [体験版]	SCES-50760(PAL-M5); SCPS-11003(NTSC-J); SCPS-19103(NTSC-J); SCUS-97113(NTSC-U)	PCPX-96322(NTSC-J); SCPS-19151(NTSC-J); SCPS-55001(NTSC-J); SCUS-97159(NTSC-U)
Jade Cocoon 2	SLES-50735(PAL-E)	SLUS-20309(NTSC-U)
Jak 3 [Demo]	SCES-52460(PAL-M7)	SCUS-97330(NTSC-U); SCUS-97412(NTSC-U); SCUS-97516(NTSC-U)
Jak and Daxter - The Lost Frontier	SCES-55510(PAL-M12)	SCUS-97558(NTSC-U)
Jak and Daxter - The Precursor Legacy [Demo]	SCES-50361(PAL-M6); SCUS-97124(NTSC-U)	SCUS-97170(NTSC-U); SCUS-97171(NTSC-U)
Just Cause	SLES-54137(PAL-M3)	SLUS-21436(NTSC-U)
KAIDO ～峠の伝説～ [体験版]	SLPM-66022(NTSC-J)	SLPM-61121(NTSC-J)
Killzone [Demo]	SCUS-97402(NTSC-U)	SCUS-97432(NTSC-U); SCUS-97517(NTSC-U)
Kinetica	SCUS-97132(NTSC-U)	SCUS-97161(NTSC-U)
King's Field IV - The Ancient City	SLUS-20318(NTSC-U)	SLUS-20353(NTSC-U)
Klonoa 2 - Lunatea's Veil	SLUS-20151(NTSC-U)	SLUS-28004(NTSC-U)
Lara Croft Tomb Raider - Anniversary	SLES-54674(PAL-M10)	SLUS-21555(NTSC-U)
Lemony Snicket's A Series of Unfortunate Events	SLES-52807(PAL-E)	SLUS-21078(NTSC-U)
Looney Tunes - ACME Arsenal	SLES-54931(PAL-M5)	SLUS-21636(NTSC-U)
MARVEL VS. CAPCOM2 New Age of Heroes [体験版]	SLPM-62227(NTSC-J)	SLPM-60188(NTSC-J)
Max Payne	SLES-50325(PAL-E); SLES-50326(PAL-M4)	SLPS-25244(NTSC-J); SLUS-20230(NTSC-U)
Max Payne 2 - The Fall of Max Payne	SLES-51954(PAL-E); SLES-52256(PAL-E-S); SLES-52336(PAL-E-G); SLES-52337(PAL-E-F); SLES-52338(PAL-E-I)	SLUS-20814(NTSC-U)
Monster House	SLES-54215(PAL-M4)	SLUS-21400(NTSC-U)
MotoGP	SLUS-20058(NTSC-U)	SLPS-20040(NTSC-J)
MotoGP 2	SLUS-20285(NTSC-U)	SCPS-51001(NTSC-J); SLPS-20155(NTSC-J)
MotoGP 3	SLUS-20625(NTSC-U)	SLPM-60198(NTSC-J); SLPS-25204(NTSC-J)
NAMCO×CAPCOM	SLPS-25505(NTSC-J)	SLPS-73243(NTSC-J)
NBA Live 06	SLES-53547(PAL-M3); SLES-53580(PAL-F); SLES-53581(PAL-S)	SLPM-66171(NTSC-J); SLPM-66561(NTSC-J); SLUS-21279(NTSC-U); SLUS-29162(NTSC-U)
NBA Live 07	SLES-54250(PAL-F); SLES-54251(PAL-S); SLES-54252(PAL-M3)	SLPM-66589(NTSC-J); SLUS-21460(NTSC-U)
NBA Live 08	SLES-54895(PAL-M3); SLES-54896(PAL-F); SLES-54933(PAL-S)	SLPM-55144(NTSC-J); SLPM-66884(NTSC-J); SLUS-21649(NTSC-U)
NBA Live 09	SLES-55334(PAL-E-I-A); SLES-55336(PAL-F); SLES-55337(PAL-S)	SLPM-55097(NTSC-J); SLUS-21777(NTSC-U)
NBA Live 2003	SLES-51198(PAL-M5)	SLPM-65192(NTSC-J); SLPS-25168(NTSC-J); SLUS-20536(NTSC-U)
NBA Live 2004	SLES-52008(PAL-M5)	SLPM-65666(NTSC-J); SLPS-25297(NTSC-J); SLUS-20755(NTSC-U)
NBA Live 2005	SLES-52713(PAL-M3); SLES-52726(PAL-F); SLES-52727(PAL-S)	SLPM-65787(NTSC-J); SLPM-66116(NTSC-J); SLUS-21058(NTSC-U)
NBA Street V3	SLES-53001(PAL-M3)	SLPM-66021(NTSC-J); SLUS-21126(NTSC-U); SLUS-29141(NTSC-U)
NEOGEOオンラインコレクション Vol.3 THE KING OF FIGHTERS ～オロチ編～ [NEOGEO STICK3同梱限定版]	SLPS-25605(NTSC-J)	SLPS-25535(NTSC-J)
PHASE PARADOX [体験版]	SCPS-15005(NTSC-J)	PAPX-90213(NTSC-J); PCPX-96315(NTSC-J); PCPX-96316(NTSC-J)
Power Rangers - Super Legends	SLES-54835(PAL-M5)	SLUS-21679(NTSC-U)
Project Minerva	SLES-52472(PAL-M3)	SLPM-65164(NTSC-J); SLPM-65165(NTSC-J)
R:RACING EVOLUTION	SLUS-20721(NTSC-U)	SCAJ-20048(NTSC-J); SLPM-60216(NTSC-J); SLPS-25300(NTSC-J)
Ratchet & Clank - Size Matters	SCES-55019(PAL-M13)	SCUS-97615(NTSC-U)
Resident Evil - CODE Veronica X	SLES-50306(PAL-M4)	SLUS-20184(NTSC-U)
Rez	SLUS-20344(NTSC-U)	SLPM-62101(NTSC-J); SLPM-74006(NTSC-J)
Rise of the Kasai	SCUS-97416(NTSC-U)	SCUS-97462(NTSC-U)
Rumble Roses	SLPM-65885(NTSC-J); SLUS-20970(NTSC-U)	SLPM-61106(NTSC-J); SLPM-66085(NTSC-J)
Rune - Viking Warlord	SLES-50335(PAL-E); SLES-50339(PAL-S)	SLUS-20109(NTSC-U)
SEGA AGES 2500シリーズ Vol.15 デカスリート・コレクション	SLPM-62444(NTSC-J)	SLPM-62677(NTSC-J)
SEGA RALLY 2006 [体験版]	SLPM-66212(NTSC-J)	SLPM-61137(NTSC-J)
SIREN [体験版]	SCUS-97355(NTSC-U)	PAPX-90511(NTSC-J); PCPX-96636(NTSC-J); SCPS-15053(NTSC-J); SCPS-19305(NTSC-J); SCPS-19312(NTSC-J); SCUS-97398(NTSC-U)
SNK vs. Capcom - SVC Chaos	SLPS-25316(NTSC-J)	SLPS-25484(NTSC-J)
SSX On Tour [Demo]	SLES-53552(PAL-M8)	SLPM-66189(NTSC-J); SLPM-66601(NTSC-J); SLUS-21278(NTSC-U); SLUS-29161(NTSC-U)
Scarface - The World is Yours	SLES-54182(PAL-M4); SLES-54183(PAL-G); SLES-54184(PAL-R); SLES-54271(PAL-E); SLES-54534(PAL-E)	SLUS-21111(NTSC-U); SLUS-21492(NTSC-U)
Shadow of Rome	SLES-52950(PAL-M5); SLUS-20902(NTSC-U)	SLPM-61109(NTSC-J); SLPM-61114(NTSC-J); SLPM-65883(NTSC-J); SLPM-66745(NTSC-J); SLUS-29139(NTSC-U)
Shin Megami Tensei - Digital Devil Saga	SLUS-20974(NTSC-U)	SLUS-28049(NTSC-U)
Shin Megami Tensei - Digital Devil Saga 2	SLUS-21152(NTSC-U)	SLUS-28052(NTSC-U)
Shin Megami Tensei - Persona 3 FES	SLUS-21621(NTSC-U)	SLUS-28068(NTSC-U)
Shinobi	SLUS-20459(NTSC-U)	SLPM-60192(NTSC-J); SLPM-65200(NTSC-J); SLPM-74415(NTSC-J); SLUS-28016(NTSC-U)
Shrek 2	SLES-52379(PAL-E); SLES-52382(PAL-S)	SLUS-20745(NTSC-U)
Sled Storm	SLES-50683(PAL-M3)	SLUS-20363(NTSC-U)
Sly 2 - Band of Thieves	SCES-52529(PAL-M11); SCUS-97316(NTSC-U); SCUS-97415(NTSC-U); SCUS-97457(NTSC-U)	SCUS-97519(NTSC-U)
Sonic Heroes	SLES-51950(PAL-M5)	SLUS-20718(NTSC-U)
Sonic Unleashed	SLES-55380(PAL-M5)	SLUS-21846(NTSC-U)
SoulCalibur III	SCES-53312(PAL-M5)	SLUS-21216(NTSC-U)
Space Chimps	SLES-55340(PAL-M5)	SLUS-21783(NTSC-U)
Spider-Man - Friend or Foe	SLES-54901(PAL-M5)	SLUS-21600(NTSC-U)
Spider-Man 2	SLES-52372(PAL-M5); SLES-52447(PAL-I); SLES-52493(PAL-E)	SLPM-66121(NTSC-J); SLUS-20776(NTSC-U); TCPS-10127(NTSC-J)
Spider-Man 3	SLES-54723(PAL-E); SLES-54724(PAL-M4)	SLUS-21552(NTSC-U); SLUS-21617(NTSC-U)
Splashdown	SLES-50486(PAL-M5)	SLPM-65113(NTSC-J); SLPM-65309(NTSC-J); SLUS-20223(NTSC-U)
Star Wars - Episode III - Revenge of the Sith	SLES-53155(PAL-M3)	SLUS-21143(NTSC-U)
Star Wars - The Force Unleashed	SLES-54659(PAL-M4)	SLUS-21614(NTSC-U)
Stella Deus - The Gate of Eternity	SLUS-21132(NTSC-U)	SLUS-28050(NTSC-U)
Syphon Filter - Dark Mirror	SCES-54794(PAL-M5)	SCUS-97362(NTSC-U); SCUS-97620(NTSC-U)
THE KING OF FIGHTERS 94 RE-BOUT [スペシャル限定版]	SLPS-25448(NTSC-J)	SLPS-25449(NTSC-J)
Teenage Mutant Ninja Turtles 2 - Battle Nexus	SLES-53017(PAL-M5)	SLUS-20981(NTSC-U)
Teenage Mutant Ninja Turtles 3 - Mutant Nightmare	SLES-53850(PAL-M5)	SLUS-21184(NTSC-U)
Tekken 4 [Demo]	SCES-50878(PAL-M5)	SLUS-20328(NTSC-U); SLUS-28012(NTSC-U); SLUS-29034(NTSC-U)
Tekken 5	SCES-53202(PAL-M5); SLUS-21059(NTSC-U)	SLUS-21160(NTSC-U)
The Ant Bully	SLES-54152(PAL-M5)	SLUS-21415(NTSC-U)
The Chronicles of Narnia - Prince Caspian	SLES-55144(PAL-M6); SLES-55145(PAL-F-DU); SLES-55146(PAL-UK)	SLUS-21756(NTSC-U)
The Mark of Kri	SCES-51164(PAL-M5); SCUS-97140(NTSC-U)	SCUS-97201(NTSC-U); SCUS-97222(NTSC-U); SLPM-65310(NTSC-J)
The Punisher	SLES-53049(PAL-I-S); SLUS-20864(NTSC-U)	SLUS-29138(NTSC-U)
The Spiderwick Chronicles	SLES-55109(PAL-E)	SLUS-21716(NTSC-U)
The Suffering [Demo]	SLES-52439(PAL-E-I-S)	SLUS-20636(NTSC-U)
Tom Clancy's Splinter Cell - Chaos Theory	SLES-53287(PAL-M3)	SLUS-21137(NTSC-U)
Tom Clancy's Splinter Cell - Double Agent	SLES-53827(PAL-M3)	SLUS-21356(NTSC-U)
Tomb Raider - Legend	SLES-53908(PAL-M8)	SLUS-21203(NTSC-U)
Twisted Metal - Black	SCUS-97101(NTSC-U)	SCUS-97164(NTSC-U); SCUS-97179(NTSC-U)
VIRTUA COP Re-Birth	SLPM-62205(NTSC-J)	SLPM-62215(NTSC-J)
Virtua Fighter 10th Anniversary	SLPM-68008(NTSC-J)	SLPM-68018(NTSC-J)
Virtua Fighter 4	SCES-50759(PAL-M5); SLUS-20323(NTSC-U)	SLPM-62130(NTSC-J); SLPM-62158(NTSC-J)
X-Men - The Official Game	SLES-54066(PAL-M4)	SLUS-21107(NTSC-U)
X-Men Legends	SLES-52624(PAL-E)	SLUS-20656(NTSC-U)
X-Men Legends II - Rise of Apocalypse	SLES-53377(PAL-I-S)	SLUS-21138(NTSC-U)
kill.switch	SCES-52124(PAL-M5)	SLUS-20706(NTSC-U)
サルゲッチュ2 ウッキーウッキーディスク	SCKA-20044(NTSC-K); SCPS-15090(NTSC-J); SLPM-55147(NTSC-J); SLPS-25007(NTSC-J); SLPS-25033(NTSC-J); SLPS-25040(NTSC-J); SLPS-25141(NTSC-J); SLPS-25172(NTSC-J)	PAPX-90330(NTSC-J); PAPX-90516(NTSC-J); PCPX-96320(NTSC-J); SCAJ-20052(NTSC-J); SCAJ-20132(NTSC-J); SCAJ-20171(NTSC-J); SCKA-20002(NTSC-K); SCKA-20014(NTSC-K); SCKA-20041(NTSC-K); SCKA-20074(NTSC-K); SCKA-20079(NTSC-K); SCKA-20134(NTSC-K); SCPS-11034(NTSC-J); SCPS-15017(NTSC-J); SCPS-15025(NTSC-J); SCPS-15026(NTSC-J); SCPS-15045(NTSC-J); SCPS-15056(NTSC-J); SCPS-15057(NTSC-J); SCPS-15089(NTSC-J); SCPS-15094(NTSC-J); SCPS-19152(NTSC-J); SCPS-19201(NTSC-J); SCPS-19206(NTSC-J); SCPS-19209(NTSC-J); SCPS-19302(NTSC-J); SCPS-19303(NTSC-J); SCPS-19308(NTSC-J); SCPS-19317(NTSC-J); SCPS-51015(NTSC-J); SCPS-55013(NTSC-J); SCPS-55020(NTSC-J); SCPS-55024(NTSC-J); SCPS-55035(NTSC-J); SCPS-55038(NTSC-J); SCPS-55050(NTSC-J); SLKA-15033(NTSC-K); SLKA-25009(NTSC-K); SLKA-25012(NTSC-K); SLKA-25013(NTSC-K); SLKA-25020(NTSC-K); SLKA-25039(NTSC-K); SLKA-25052(NTSC-K); SLKA-25088(NTSC-K); SLKA-25114(NTSC-K); SLKA-25146(NTSC-K); SLKA-25155(NTSC-K); SLKA-25241(NTSC-K); SLKA-25242(NTSC-K); SLKA-25272(NTSC-K); SLKA-25280(NTSC-K); SLKA-25281(NTSC-K); SLKA-25330(NTSC-K); SLKA-25374(NTSC-K); SLKA-35001(NTSC-K); SLPM-55005(NTSC-J); SLPM-55034(NTSC-J); SLPM-55035(NTSC-J); SLPM-55056(NTSC-J); SLPM-55058(NTSC-J); SLPM-55081(NTSC-J); SLPM-55110(NTSC-J); SLPM-55122(NTSC-J); SLPM-55217(NTSC-J); SLPM-55229(NTSC-J); SLPM-55230(NTSC-J); SLPM-55242(NTSC-J); SLPM-55250(NTSC-J); SLPM-55277(NTSC-J); SLPM-55278(NTSC-J); SLPM-60106(NTSC-J); SLPM-60138(NTSC-J); SLPM-60171(NTSC-J); SLPM-60177(NTSC-J); SLPM-60250(NTSC-J); SLPM-60253(NTSC-J); SLPM-60254(NTSC-J); SLPM-60273(NTSC-J); SLPM-60274(NTSC-J); SLPM-61009(NTSC-J); SLPM-61011(NTSC-J); SLPM-61013(NTSC-J); SLPM-61020(NTSC-J); SLPM-61087(NTSC-J); SLPM-61094(NTSC-J); SLPM-61120(NTSC-J); SLPM-61139(NTSC-J); SLPM-61154(NTSC-J); SLPM-61163(NTSC-J); SLPM-62004(NTSC-J); SLPM-62042(NTSC-J); SLPM-62048(NTSC-J); SLPM-62156(NTSC-J); SLPM-62229(NTSC-J); SLPM-62236(NTSC-J); SLPM-62242(NTSC-J); SLPM-62265(NTSC-J); SLPM-62285(NTSC-J); SLPM-62291(NTSC-J); SLPM-62312(NTSC-J); SLPM-62331(NTSC-J); SLPM-62394(NTSC-J); SLPM-62531(NTSC-J); SLPM-62562(NTSC-J); SLPM-62624(NTSC-J); SLPM-62679(NTSC-J); SLPM-62680(NTSC-J); SLPM-62701(NTSC-J); SLPM-62764(NTSC-J); SLPM-62769(NTSC-J); SLPM-64510(NTSC-K); SLPM-64550(NTSC-K); SLPM-65030(NTSC-J); SLPM-65051(NTSC-J); SLPM-65053(NTSC-J); SLPM-65060(NTSC-J); SLPM-65083(NTSC-J); SLPM-65091(NTSC-J); SLPM-65092(NTSC-J); SLPM-65098(NTSC-J); SLPM-65100(NTSC-J); SLPM-65101(NTSC-J); SLPM-65118(NTSC-J); SLPM-65133(NTSC-J); SLPM-65143(NTSC-J); SLPM-65146(NTSC-J); SLPM-65170(NTSC-J); SLPM-65210(NTSC-J); SLPM-65211(NTSC-J); SLPM-65215(NTSC-J); SLPM-65240(NTSC-J); SLPM-65247(NTSC-J); SLPM-65267(NTSC-J); SLPM-65273(NTSC-J); SLPM-65311(NTSC-J); SLPM-65318(NTSC-J); SLPM-65325(NTSC-J); SLPM-65330(NTSC-J); SLPM-65341(NTSC-J); SLPM-65347(NTSC-J); SLPM-65348(NTSC-J); SLPM-65354(NTSC-J); SLPM-65458(NTSC-J); SLPM-65474(NTSC-J); SLPM-65478(NTSC-J); SLPM-65536(NTSC-J); SLPM-65595(NTSC-J); SLPM-65620(NTSC-J); SLPM-65631(NTSC-J); SLPM-65636(NTSC-J); SLPM-65637(NTSC-J); SLPM-65662(NTSC-J); SLPM-65683(NTSC-J); SLPM-65697(NTSC-J); SLPM-65708(NTSC-J); SLPM-65720(NTSC-J); SLPM-65766(NTSC-J); SLPM-65824(NTSC-J); SLPM-65833(NTSC-J); SLPM-65929(NTSC-J); SLPM-65951(NTSC-J); SLPM-65978(NTSC-J); SLPM-65982(NTSC-J); SLPM-65985(NTSC-J); SLPM-65999(NTSC-J); SLPM-66004(NTSC-J); SLPM-66051(NTSC-J); SLPM-66072(NTSC-J); SLPM-66094(NTSC-J); SLPM-66096(NTSC-J); SLPM-66104(NTSC-J); SLPM-66125(NTSC-J); SLPM-66163(NTSC-J); SLPM-66194(NTSC-J); SLPM-66206(NTSC-J); SLPM-66240(NTSC-J); SLPM-66266(NTSC-J); SLPM-66288(NTSC-J); SLPM-66300(NTSC-J); SLPM-66303(NTSC-J); SLPM-66304(NTSC-J); SLPM-66307(NTSC-J); SLPM-66321(NTSC-J); SLPM-66355(NTSC-J); SLPM-66419(NTSC-J); SLPM-66427(NTSC-J); SLPM-66497(NTSC-J); SLPM-66504(NTSC-J); SLPM-66505(NTSC-J); SLPM-66527(NTSC-J); SLPM-66531(NTSC-J); SLPM-66532(NTSC-J); SLPM-66573(NTSC-J); SLPM-66602(NTSC-J); SLPM-66603(NTSC-J); SLPM-66622(NTSC-J); SLPM-66651(NTSC-J); SLPM-66654(NTSC-J); SLPM-66656(NTSC-J); SLPM-66664(NTSC-J); SLPM-66678(NTSC-J); SLPM-66685(NTSC-J); SLPM-66699(NTSC-J); SLPM-66700(NTSC-J); SLPM-66714(NTSC-J); SLPM-66749(NTSC-J); SLPM-66782(NTSC-J); SLPM-66818(NTSC-J); SLPM-66821(NTSC-J); SLPM-66824(NTSC-J); SLPM-66825(NTSC-J); SLPM-66834(NTSC-J); SLPM-66835(NTSC-J); SLPM-66838(NTSC-J); SLPM-66840(NTSC-J); SLPM-66866(NTSC-J); SLPM-66875(NTSC-J); SLPM-66960(NTSC-J); SLPM-66972(NTSC-J); SLPM-66992(NTSC-J); SLPM-67014(NTSC-J); SLPM-67516(NTSC-K); SLPM-67518(NTSC-K); SLPM-67523(NTSC-K); SLPM-67527(NTSC-K); SLPM-67536(NTSC-K); SLPM-67550(NTSC-K); SLPM-74101(NTSC-J); SLPM-74209(NTSC-J); SLPM-74245(NTSC-J); SLPM-74247(NTSC-J); SLPM-74276(NTSC-J); SLPM-74301(NTSC-J); SLPM-74302(NTSC-J); SLPM-74409(NTSC-J); SLPM-74412(NTSC-J); SLPS-20002(NTSC-J); SLPS-20017(NTSC-J); SLPS-20039(NTSC-J); SLPS-20060(NTSC-J); SLPS-20077(NTSC-J); SLPS-20091(NTSC-J); SLPS-20110(NTSC-J); SLPS-20122(NTSC-J); SLPS-20294(NTSC-J); SLPS-20326(NTSC-J); SLPS-20393(NTSC-J); SLPS-20398(NTSC-J); SLPS-20404(NTSC-J); SLPS-20457(NTSC-J); SLPS-20501(NTSC-J); SLPS-25054(NTSC-J); SLPS-25070(NTSC-J); SLPS-25085(NTSC-J); SLPS-25098(NTSC-J); SLPS-25107(NTSC-J); SLPS-25132(NTSC-J); SLPS-25135(NTSC-J); SLPS-25227(NTSC-J); SLPS-25228(NTSC-J); SLPS-25236(NTSC-J); SLPS-25250(NTSC-J); SLPS-25299(NTSC-J); SLPS-25351(NTSC-J); SLPS-25361(NTSC-J); SLPS-25396(NTSC-J); SLPS-25463(NTSC-J); SLPS-25479(NTSC-J); SLPS-25493(NTSC-J); SLPS-25521(NTSC-J); SLPS-25606(NTSC-J); SLPS-25607(NTSC-J); SLPS-25608(NTSC-J); SLPS-25615(NTSC-J); SLPS-25639(NTSC-J); SLPS-25731(NTSC-J); SLPS-25748(NTSC-J); SLPS-25749(NTSC-J); SLPS-25819(NTSC-J); SLPS-25845(NTSC-J); SLPS-25848(NTSC-J); SLPS-25851(NTSC-J); SLPS-25881(NTSC-J); SLPS-25896(NTSC-J); SLPS-25977(NTSC-J); SLPS-72502(NTSC-J); SLPS-73001(NTSC-J); SLPS-73006(NTSC-J); SLPS-73007(NTSC-J); SLPS-73106(NTSC-J); SLPS-73108(NTSC-J); SLPS-73206(NTSC-J); SLPS-73219(NTSC-J); SLPS-73254(NTSC-J); SLPS-73258(NTSC-J); SLPS-73263(NTSC-J); SLPS-73403(NTSC-J); SLPS-73411(NTSC-J); SLPS-73413(NTSC-J); TCPS-10086(NTSC-J); TCPS-10092(NTSC-J); TCPS-10150(NTSC-J)
ストリートファイターEX3 [体験版]	SLPS-20003(NTSC-J)	SLPM-60105(NTSC-J)
スペースチャンネル5 パート2	SLPM-65096(NTSC-J)	SLPM-74044(NTSC-J)
ラチェット&クランク3 突撃！ガラクチック★レンジャーズ [店頭体験版]	SCKA-20063(NTSC-K); SCPS-15096(NTSC-J); SLKA-25078(NTSC-K); SLPM-62055(NTSC-J); SLPM-65434(NTSC-J); SLPS-25112(NTSC-J); SLPS-25169(NTSC-J); SLPS-25209(NTSC-J)	PCPX-96653(NTSC-J); PCPX-96657(NTSC-J); SCKA-20015(NTSC-K); SCKA-20035(NTSC-K); SCKA-20040(NTSC-K); SCKA-20066(NTSC-K); SCKA-20067(NTSC-K); SCKA-20099(NTSC-K); SCKA-20111(NTSC-K); SCPS-15084(NTSC-J); SCPS-19309(NTSC-J); SCPS-19311(NTSC-J); SCPS-19327(NTSC-J); SCPS-51013(NTSC-J); SCPS-55014(NTSC-J); SCPS-56007(NTSC-K); SLKA-25049(NTSC-K); SLKA-25051(NTSC-K); SLKA-25064(NTSC-K); SLKA-25065(NTSC-K); SLKA-25085(NTSC-K); SLKA-25093(NTSC-K); SLKA-25173(NTSC-K); SLKA-25196(NTSC-K); SLKA-25206(NTSC-K); SLKA-25265(NTSC-K); SLKA-25317(NTSC-K); SLKA-25363(NTSC-K); SLKA-25373(NTSC-K); SLKA-25385(NTSC-K); SLPM-55039(NTSC-J); SLPM-55040(NTSC-J); SLPM-55062(NTSC-J); SLPM-55145(NTSC-J); SLPM-55248(NTSC-J); SLPM-60136(NTSC-J); SLPM-60140(NTSC-J); SLPM-60147(NTSC-J); SLPM-60154(NTSC-J); SLPM-60169(NTSC-J); SLPM-60172(NTSC-J); SLPM-60217(NTSC-J); SLPM-60246(NTSC-J); SLPM-61026(NTSC-J); SLPM-61086(NTSC-J); SLPM-62087(NTSC-J); SLPM-62112(NTSC-J); SLPM-62133(NTSC-J); SLPM-62199(NTSC-J); SLPM-62273(NTSC-J); SLPM-62322(NTSC-J); SLPM-62498(NTSC-J); SLPM-62601(NTSC-J); SLPM-62643(NTSC-J); SLPM-62763(NTSC-J); SLPM-64552(NTSC-K); SLPM-65080(NTSC-J); SLPM-65116(NTSC-J); SLPM-65139(NTSC-J); SLPM-65221(NTSC-J); SLPM-65230(NTSC-J); SLPM-65248(NTSC-J); SLPM-65257(NTSC-J); SLPM-65299(NTSC-J); SLPM-65377(NTSC-J); SLPM-65413(NTSC-J); SLPM-65420(NTSC-J); SLPM-65561(NTSC-J); SLPM-65584(NTSC-J); SLPM-65622(NTSC-J); SLPM-65641(NTSC-J); SLPM-65693(NTSC-J); SLPM-65700(NTSC-J); SLPM-65719(NTSC-J); SLPM-65731(NTSC-J); SLPM-65764(NTSC-J); SLPM-65765(NTSC-J); SLPM-65834(NTSC-J); SLPM-65837(NTSC-J); SLPM-65850(NTSC-J); SLPM-65853(NTSC-J); SLPM-65900(NTSC-J); SLPM-65906(NTSC-J); SLPM-65958(NTSC-J); SLPM-66005(NTSC-J); SLPM-66016(NTSC-J); SLPM-66018(NTSC-J); SLPM-66073(NTSC-J); SLPM-66075(NTSC-J); SLPM-66099(NTSC-J); SLPM-66100(NTSC-J); SLPM-66262(NTSC-J); SLPM-66305(NTSC-J); SLPM-66306(NTSC-J); SLPM-66344(NTSC-J); SLPM-66345(NTSC-J); SLPM-66346(NTSC-J); SLPM-66347(NTSC-J); SLPM-66348(NTSC-J); SLPM-66364(NTSC-J); SLPM-66445(NTSC-J); SLPM-66452(NTSC-J); SLPM-66522(NTSC-J); SLPM-66592(NTSC-J); SLPM-66593(NTSC-J); SLPM-66653(NTSC-J); SLPM-66657(NTSC-J); SLPM-66688(NTSC-J); SLPM-66689(NTSC-J); SLPM-66690(NTSC-J); SLPM-66759(NTSC-J); SLPM-66887(NTSC-J); SLPM-66962(NTSC-J); SLPM-67529(NTSC-K); SLPM-68012(NTSC-J); SLPM-68504(NTSC-J); SLPM-74215(NTSC-J); SLPM-74216(NTSC-J); SLPM-74217(NTSC-J); SLPM-74220(NTSC-J); SLPM-74277(NTSC-J); SLPM-74416(NTSC-J); SLPM-83770(NTSC-J); SLPS-20082(NTSC-J); SLPS-20099(NTSC-J); SLPS-20104(NTSC-J); SLPS-25038(NTSC-J); SLPS-25045(NTSC-J); SLPS-25083(NTSC-J); SLPS-25087(NTSC-J); SLPS-25213(NTSC-J); SLPS-25267(NTSC-J); SLPS-25281(NTSC-J); SLPS-25289(NTSC-J); SLPS-25290(NTSC-J); SLPS-25315(NTSC-J); SLPS-25336(NTSC-J); SLPS-25337(NTSC-J); SLPS-25428(NTSC-J); SLPS-25537(NTSC-J); SLPS-25592(NTSC-J); SLPS-25732(NTSC-J); SLPS-25823(NTSC-J); SLPS-25840(NTSC-J); SLPS-25890(NTSC-J); SLPS-73003(NTSC-J); SLPS-73102(NTSC-J); SLPS-73109(NTSC-J); SLPS-73211(NTSC-J); SLPS-73238(NTSC-J); SLPS-73409(NTSC-J); SLPS-73417(NTSC-J); SLPS-73420(NTSC-J)
レーシングバトル -C1 GRAND PRIX- [体験版]	SLPM-65897(NTSC-J)	SLPM-61115(NTSC-J)
一騎当千 Shining Dragon [限定爆裂パック]	SLPS-25798(NTSC-J)	SLPS-25797(NTSC-J); SLPS-25882(NTSC-J)
冬のオススメソフト おためしDISC	SCPM-85101(NTSC-J)	PAPX-90514(NTSC-J)
影牢Ⅱ -Dark illusion-	SLPS-25445(NTSC-J)	SLPS-73248(NTSC-J); SLPS-73265(NTSC-J)
格斗擂台4 进化版	SLPM-65270(NTSC-J)	SCKA-20057(NTSC-K); SCKA-20101(NTSC-K); SCKA-20105(NTSC-K); SCKA-20132(NTSC-K); SCKA-20141(NTSC-K); SCPS-55017(NTSC-J); SLAJ-25073(NTSC-J); SLKA-25043(NTSC-K); SLKA-25188(NTSC-K); SLKA-25287(NTSC-K); SLKA-25289(NTSC-K); SLKA-25329(NTSC-K); SLKA-25339(NTSC-K); SLKA-25340(NTSC-K); SLKA-25417(NTSC-K); SLPM-55140(NTSC-J); SLPM-60197(NTSC-J); SLPM-61039(NTSC-J); SLPM-61041(NTSC-J); SLPM-62114(NTSC-J); SLPM-62724(NTSC-J); SLPM-65150(NTSC-J); SLPM-65161(NTSC-J); SLPM-65245(NTSC-J); SLPM-65443(NTSC-J); SLPM-65499(NTSC-J); SLPM-65574(NTSC-J); SLPM-65690(NTSC-J); SLPM-65808(NTSC-J); SLPM-65890(NTSC-J); SLPM-65935(NTSC-J); SLPM-65936(NTSC-J); SLPM-66032(NTSC-J); SLPM-66101(NTSC-J); SLPM-66213(NTSC-J); SLPM-66250(NTSC-J); SLPM-66369(NTSC-J); SLPM-66420(NTSC-J); SLPM-66576(NTSC-J); SLPM-66579(NTSC-J); SLPM-66580(NTSC-J); SLPM-66693(NTSC-J); SLPM-66728(NTSC-J); SLPM-66951(NTSC-J); SLPM-66952(NTSC-J); SLPM-66978(NTSC-J); SLPM-74003(NTSC-J); SLPM-74229(NTSC-J); SLPM-74236(NTSC-J); SLPM-74250(NTSC-J); SLPM-74262(NTSC-J); SLPM-74278(NTSC-J); SLPM-74279(NTSC-J); SLPM-74288(NTSC-J); SLPS-20223(NTSC-J); SLPS-20332(NTSC-J); SLPS-20365(NTSC-J); SLPS-20460(NTSC-J); SLPS-25100(NTSC-J); SLPS-25210(NTSC-J); SLPS-25263(NTSC-J); SLPS-25309(NTSC-J); SLPS-25376(NTSC-J); SLPS-25571(NTSC-J); SLPS-25704(NTSC-J); SLPS-73209(NTSC-J); SLPS-73423(NTSC-J)
片神名 ～喪われた因果律～	PAPX-90231(NTSC-J); SCKA-20004(NTSC-K); SCKA-20055(NTSC-K); SCPS-11031(NTSC-J); SCPS-15013(NTSC-J); SCPS-15021(NTSC-J); SCPS-15036(NTSC-J); SCPS-15062(NTSC-J); SCPS-15113(NTSC-J); SCPS-56001(NTSC-K); SCPS-56008(NTSC-K); SLES-53203(PAL-R); SLES-55206(PAL-R); SLKA-25041(NTSC-K); SLPM-55184(NTSC-J); SLPM-62506(NTSC-J); SLPM-62690(NTSC-J); SLPM-65014(NTSC-J); SLPM-65140(NTSC-J); SLPM-65246(NTSC-J); SLPM-65266(NTSC-J); SLPM-65494(NTSC-J); SLPM-65496(NTSC-J); SLPM-65517(NTSC-J); SLPM-65718(NTSC-J); SLPM-65813(NTSC-J); SLPM-66056(NTSC-J); SLPM-66246(NTSC-J); SLPM-66660(NTSC-J); SLPM-66736(NTSC-J); SLPM-67524(NTSC-K); SLPS-20015(NTSC-J); SLPS-20055(NTSC-J); SLPS-25023(NTSC-J); SLPS-25034(NTSC-J); SLPS-25206(NTSC-J); SLPS-25217(NTSC-J); SLPS-25338(NTSC-J); SLPS-25339(NTSC-J); SLPS-25400(NTSC-J); SLPS-25408(NTSC-J); SLPS-25450(NTSC-J); SLPS-25461(NTSC-J); SLPS-25462(NTSC-J); SLPS-25533(NTSC-J); SLPS-25559(NTSC-J); SLPS-25842(NTSC-J)	ALCH-00001(NTSC-J); ALCH-00009(NTSC-J); ALCH-00017(NTSC-J); ALCH-00021(NTSC-J); ALCH-00028(NTSC-J); CPCS-01020(NTSC-J); GUST-00003(NTSC-J); GUST-00009(NTSC-J); PAPX-90201(NTSC-J); PAPX-90212(NTSC-J); PAPX-90215(NTSC-J); PAPX-90216(NTSC-J); PAPX-90218(NTSC-J); PAPX-90220(NTSC-J); PAPX-90222(NTSC-J); PAPX-90223(NTSC-J); PAPX-90225(NTSC-J); PAPX-90232(NTSC-J); PAPX-90233(NTSC-J); PAPX-90234(NTSC-J); PAPX-90236(NTSC-J); PAPX-90501(NTSC-J); PAPX-90503(NTSC-J); PAPX-90506(NTSC-J); PAPX-90517(NTSC-J); PAPX-90519(NTSC-J); PBPX-95516(NTSC-J); PCPX-96304(NTSC-J); PCPX-96306(NTSC-J); PCPX-96314(NTSC-J); PCPX-96317(NTSC-J); PCPX-96318(NTSC-J); PCPX-96321(NTSC-J); PCPX-96323(NTSC-J); PCPX-96324(NTSC-J); PCPX-96603(NTSC-J); PCPX-96619(NTSC-J); PCPX-96631(NTSC-J); PCPX-96638(NTSC-J); PCPX-96660(NTSC-J); PCPX-98041(NTSC-J); PCPX-98042(NTSC-J); SCAJ-20003(NTSC-J); SCAJ-20019(NTSC-J); SCAJ-20118(NTSC-J); SCAJ-20119(NTSC-J); SCAJ-20141(NTSC-J); SCAJ-20145(NTSC-J); SCAJ-20147(NTSC-J); SCAJ-20152(NTSC-J); SCAJ-20153(NTSC-J); SCAJ-20155(NTSC-J); SCAJ-20175(NTSC-J); SCAJ-20183(NTSC-J); SCKA-10005(NTSC-K); SCKA-10006(NTSC-K); SCKA-10007(NTSC-K); SCKA-20003(NTSC-K); SCKA-20006(NTSC-K); SCKA-20008(NTSC-K); SCKA-20010(NTSC-K); SCKA-20011(NTSC-K); SCKA-20012(NTSC-K); SCKA-20017(NTSC-K); SCKA-20018(NTSC-K); SCKA-20023(NTSC-K); SCKA-20024(NTSC-K); SCKA-20025(NTSC-K); SCKA-20026(NTSC-K); SCKA-20028(NTSC-K); SCKA-20030(NTSC-K); SCKA-20032(NTSC-K); SCKA-20036(NTSC-K); SCKA-20038(NTSC-K); SCKA-20039(NTSC-K); SCKA-20043(NTSC-K); SCKA-20045(NTSC-K); SCKA-20047(NTSC-K); SCKA-20048(NTSC-K); SCKA-20050(NTSC-K); SCKA-20051(NTSC-K); SCKA-20052(NTSC-K); SCKA-20058(NTSC-K); SCKA-20059(NTSC-K); SCKA-20060(NTSC-K); SCKA-20061(NTSC-K); SCKA-20065(NTSC-K); SCKA-20068(NTSC-K); SCKA-20070(NTSC-K); SCKA-20084(NTSC-K); SCKA-20088(NTSC-K); SCKA-20093(NTSC-K); SCKA-20095(NTSC-K); SCKA-20096(NTSC-K); SCKA-20098(NTSC-K); SCKA-20107(NTSC-K); SCKA-20117(NTSC-K); SCKA-24012(NTSC-K); SCKA-30005(NTSC-K); SCKA-90002(NTSC-K); SCKA-90004(NTSC-K); SCKA-90011(NTSC-K); SCKA-90016(NTSC-K); SCPS-11004(NTSC-J); SCPS-11005(NTSC-J); SCPS-11006(NTSC-J); SCPS-11008(NTSC-J); SCPS-11009(NTSC-J); SCPS-11010(NTSC-J); SCPS-11012(NTSC-J); SCPS-11013(NTSC-J); SCPS-11016(NTSC-J); SCPS-11018(NTSC-J); SCPS-11019(NTSC-J); SCPS-11023(NTSC-J); SCPS-11025(NTSC-J); SCPS-11026(NTSC-J); SCPS-11029(NTSC-J); SCPS-11030(NTSC-J); SCPS-11032(NTSC-J); SCPS-11033(NTSC-J); SCPS-15001(NTSC-J); SCPS-15003(NTSC-J); SCPS-15004(NTSC-J); SCPS-15006(NTSC-J); SCPS-15012(NTSC-J); SCPS-15014(NTSC-J); SCPS-15015(NTSC-J); SCPS-15020(NTSC-J); SCPS-15022(NTSC-J); SCPS-15023(NTSC-J); SCPS-15024(NTSC-J); SCPS-15027(NTSC-J); SCPS-15028(NTSC-J); SCPS-15033(NTSC-J); SCPS-15037(NTSC-J); SCPS-15040(NTSC-J); SCPS-15041(NTSC-J); SCPS-15042(NTSC-J); SCPS-15043(NTSC-J); SCPS-15047(NTSC-J); SCPS-15050(NTSC-J); SCPS-15054(NTSC-J); SCPS-15058(NTSC-J); SCPS-15060(NTSC-J); SCPS-15061(NTSC-J); SCPS-15063(NTSC-J); SCPS-15066(NTSC-J); SCPS-15067(NTSC-J); SCPS-15070(NTSC-J); SCPS-15072(NTSC-J); SCPS-15073(NTSC-J); SCPS-15076(NTSC-J); SCPS-15077(NTSC-J); SCPS-15078(NTSC-J); SCPS-15079(NTSC-J); SCPS-15080(NTSC-J); SCPS-15081(NTSC-J); SCPS-15085(NTSC-J); SCPS-15086(NTSC-J); SCPS-15088(NTSC-J); SCPS-15091(NTSC-J); SCPS-15092(NTSC-J); SCPS-15097(NTSC-J); SCPS-15102(NTSC-J); SCPS-15103(NTSC-J); SCPS-15104(NTSC-J); SCPS-15105(NTSC-J); SCPS-15107(NTSC-J); SCPS-15108(NTSC-J); SCPS-15109(NTSC-J); SCPS-15110(NTSC-J); SCPS-15111(NTSC-J); SCPS-15114(NTSC-J); SCPS-15115(NTSC-J); SCPS-15118(NTSC-J); SCPS-17013(NTSC-J); SCPS-19101(NTSC-J); SCPS-19102(NTSC-J); SCPS-19105(NTSC-J); SCPS-19203(NTSC-J); SCPS-19204(NTSC-J); SCPS-19205(NTSC-J); SCPS-19207(NTSC-J); SCPS-19210(NTSC-J); SCPS-19211(NTSC-J); SCPS-19215(NTSC-J); SCPS-19254(NTSC-J); SCPS-19306(NTSC-J); SCPS-19307(NTSC-J); SCPS-19310(NTSC-J); SCPS-19313(NTSC-J); SCPS-19315(NTSC-J); SCPS-19316(NTSC-J); SCPS-19320(NTSC-J); SCPS-19322(NTSC-J); SCPS-19323(NTSC-J); SCPS-19324(NTSC-J); SCPS-19325(NTSC-J); SCPS-19332(NTSC-J); SCPS-19333(NTSC-J); SCPS-19335(NTSC-J); SCPS-51004(NTSC-J); SCPS-51008(NTSC-J); SCPS-51010(NTSC-J); SCPS-51012(NTSC-J); SCPS-51014(NTSC-J); SCPS-51016(NTSC-J); SCPS-55004(NTSC-J); SCPS-55006(NTSC-J); SCPS-55008(NTSC-J); SCPS-55010(NTSC-J); SCPS-55011(NTSC-J); SCPS-55012(NTSC-J); SCPS-55015(NTSC-J); SCPS-55018(NTSC-J); SCPS-55022(NTSC-J); SCPS-55026(NTSC-J); SCPS-55028(NTSC-J); SCPS-55031(NTSC-J); SCPS-55044(NTSC-J); SCPS-55045(NTSC-J); SCPS-55048(NTSC-J); SCPS-55901(NTSC-J); SCPS-56002(NTSC-K); SCPS-56004(NTSC-K); SCPS-56006(NTSC-K); SCPS-56009(NTSC-K); SCPS-56010(NTSC-K); SCPS-56011(NTSC-K); SCPS-56012(NTSC-K); SCPS-56014(NTSC-K); SCPS-56015(NTSC-K); SLAJ-25091(NTSC-J); SLKA-15001(NTSC-K); SLKA-15016(NTSC-K); SLKA-15023(NTSC-K); SLKA-15025(NTSC-K); SLKA-15031(NTSC-K); SLKA-15034(NTSC-K); SLKA-15035(NTSC-K); SLKA-15037(NTSC-K); SLKA-15043(NTSC-K); SLKA-15044(NTSC-K); SLKA-25002(NTSC-K); SLKA-25003(NTSC-K); SLKA-25006(NTSC-K); SLKA-25007(NTSC-K); SLKA-25010(NTSC-K); SLKA-25014(NTSC-K); SLKA-25015(NTSC-K); SLKA-25018(NTSC-K); SLKA-25021(NTSC-K); SLKA-25026(NTSC-K); SLKA-25028(NTSC-K); SLKA-25031(NTSC-K); SLKA-25032(NTSC-K); SLKA-25034(NTSC-K); SLKA-25035(NTSC-K); SLKA-25044(NTSC-K); SLKA-25056(NTSC-K); SLKA-25061(NTSC-K); SLKA-25063(NTSC-K); SLKA-25067(NTSC-K); SLKA-25070(NTSC-K); SLKA-25073(NTSC-K); SLKA-25076(NTSC-K); SLKA-25081(NTSC-K); SLKA-25090(NTSC-K); SLKA-25092(NTSC-K); SLKA-25098(NTSC-K); SLKA-25099(NTSC-K); SLKA-25100(NTSC-K); SLKA-25102(NTSC-K); SLKA-25107(NTSC-K); SLKA-25112(NTSC-K); SLKA-25120(NTSC-K); SLKA-25122(NTSC-K); SLKA-25123(NTSC-K); SLKA-25132(NTSC-K); SLKA-25133(NTSC-K); SLKA-25135(NTSC-K); SLKA-25136(NTSC-K); SLKA-25137(NTSC-K); SLKA-25139(NTSC-K); SLKA-25140(NTSC-K); SLKA-25142(NTSC-K); SLKA-25150(NTSC-K); SLKA-25152(NTSC-K); SLKA-25159(NTSC-K); SLKA-25160(NTSC-K); SLKA-25161(NTSC-K); SLKA-25166(NTSC-K); SLKA-25168(NTSC-K); SLKA-25171(NTSC-K); SLKA-25172(NTSC-K); SLKA-25175(NTSC-K); SLKA-25176(NTSC-K); SLKA-25180(NTSC-K); SLKA-25181(NTSC-K); SLKA-25182(NTSC-K); SLKA-25183(NTSC-K); SLKA-25185(NTSC-K); SLKA-25187(NTSC-K); SLKA-25192(NTSC-K); SLKA-25207(NTSC-K); SLKA-25208(NTSC-K); SLKA-25216(NTSC-K); SLKA-25218(NTSC-K); SLKA-25226(NTSC-K); SLKA-25227(NTSC-K); SLKA-25232(NTSC-K); SLKA-25233(NTSC-K); SLKA-25237(NTSC-K); SLKA-25246(NTSC-K); SLKA-25247(NTSC-K); SLKA-25254(NTSC-K); SLKA-25258(NTSC-K); SLKA-25259(NTSC-K); SLKA-25260(NTSC-K); SLKA-25264(NTSC-K); SLKA-25270(NTSC-K); SLKA-25271(NTSC-K); SLKA-25279(NTSC-K); SLKA-25282(NTSC-K); SLKA-25283(NTSC-K); SLKA-25284(NTSC-K); SLKA-25290(NTSC-K); SLKA-25291(NTSC-K); SLKA-25292(NTSC-K); SLKA-25296(NTSC-K); SLKA-25300(NTSC-K); SLKA-25304(NTSC-K); SLKA-25306(NTSC-K); SLKA-25309(NTSC-K); SLKA-25310(NTSC-K); SLKA-25311(NTSC-K); SLKA-25316(NTSC-K); SLKA-25318(NTSC-K); SLKA-25319(NTSC-K); SLKA-25320(NTSC-K); SLKA-25327(NTSC-K); SLKA-25331(NTSC-K); SLKA-25334(NTSC-K); SLKA-25335(NTSC-K); SLKA-25337(NTSC-K); SLKA-25341(NTSC-K); SLKA-25342(NTSC-K); SLKA-25343(NTSC-K); SLKA-25344(NTSC-K); SLKA-25345(NTSC-K); SLKA-25349(NTSC-K); SLKA-25351(NTSC-K); SLKA-25352(NTSC-K); SLKA-25360(NTSC-K); SLKA-25361(NTSC-K); SLKA-25366(NTSC-K); SLKA-25367(NTSC-K); SLKA-25368(NTSC-K); SLKA-25372(NTSC-K); SLKA-25375(NTSC-K); SLKA-25382(NTSC-K); SLKA-25384(NTSC-K); SLKA-25388(NTSC-K); SLKA-25414(NTSC-K); SLKA-25425(NTSC-K); SLKA-25428(NTSC-K); SLKA-25430(NTSC-K); SLKA-25431(NTSC-K); SLKA-25434(NTSC-K); SLKA-25436(NTSC-K); SLKA-25443(NTSC-K); SLKA-25446(NTSC-K); SLKA-25449(NTSC-K); SLKA-25452(NTSC-K); SLKA-25458(NTSC-K); SLKA-25459(NTSC-K); SLKA-35003(NTSC-K); SLPM-55002(NTSC-J); SLPM-55003(NTSC-J); SLPM-55004(NTSC-J); SLPM-55006(NTSC-J); SLPM-55011(NTSC-J); SLPM-55012(NTSC-J); SLPM-55013(NTSC-J); SLPM-55017(NTSC-J); SLPM-55018(NTSC-J); SLPM-55019(NTSC-J); SLPM-55020(NTSC-J); SLPM-55022(NTSC-J); SLPM-55029(NTSC-J); SLPM-55030(NTSC-J); SLPM-55031(NTSC-J); SLPM-55032(NTSC-J); SLPM-55036(NTSC-J); SLPM-55037(NTSC-J); SLPM-55041(NTSC-J); SLPM-55044(NTSC-J); SLPM-55051(NTSC-J); SLPM-55052(NTSC-J); SLPM-55053(NTSC-J); SLPM-55054(NTSC-J); SLPM-55055(NTSC-J); SLPM-55057(NTSC-J); SLPM-55059(NTSC-J); SLPM-55060(NTSC-J); SLPM-55061(NTSC-J); SLPM-55063(NTSC-J); SLPM-55064(NTSC-J); SLPM-55065(NTSC-J); SLPM-55067(NTSC-J); SLPM-55068(NTSC-J); SLPM-55076(NTSC-J); SLPM-55080(NTSC-J); SLPM-55093(NTSC-J); SLPM-55094(NTSC-J); SLPM-55098(NTSC-J); SLPM-55106(NTSC-J); SLPM-55108(NTSC-J); SLPM-55114(NTSC-J); SLPM-55115(NTSC-J); SLPM-55118(NTSC-J); SLPM-55119(NTSC-J); SLPM-55120(NTSC-J); SLPM-55121(NTSC-J); SLPM-55125(NTSC-J); SLPM-55127(NTSC-J); SLPM-55137(NTSC-J); SLPM-55141(NTSC-J); SLPM-55143(NTSC-J); SLPM-55151(NTSC-J); SLPM-55157(NTSC-J); SLPM-55159(NTSC-J); SLPM-55160(NTSC-J); SLPM-55161(NTSC-J); SLPM-55166(NTSC-J); SLPM-55167(NTSC-J); SLPM-55168(NTSC-J); SLPM-55169(NTSC-J); SLPM-55170(NTSC-J); SLPM-55173(NTSC-J); SLPM-55174(NTSC-J); SLPM-55176(NTSC-J); SLPM-55177(NTSC-J); SLPM-55183(NTSC-J); SLPM-55188(NTSC-J); SLPM-55189(NTSC-J); SLPM-55200(NTSC-J); SLPM-55207(NTSC-J); SLPM-55208(NTSC-J); SLPM-55210(NTSC-J); SLPM-55211(NTSC-J); SLPM-55212(NTSC-J); SLPM-55213(NTSC-J); SLPM-55214(NTSC-J); SLPM-55215(NTSC-J); SLPM-55216(NTSC-J); SLPM-55218(NTSC-J); SLPM-55223(NTSC-J); SLPM-55225(NTSC-J); SLPM-55227(NTSC-J); SLPM-55231(NTSC-J); SLPM-55233(NTSC-J); SLPM-55239(NTSC-J); SLPM-55244(NTSC-J); SLPM-55246(NTSC-J); SLPM-55251(NTSC-J); SLPM-55255(NTSC-J); SLPM-55259(NTSC-J); SLPM-55263(NTSC-J); SLPM-55264(NTSC-J); SLPM-55266(NTSC-J); SLPM-55267(NTSC-J); SLPM-55270(NTSC-J); SLPM-55273(NTSC-J); SLPM-55274(NTSC-J); SLPM-55282(NTSC-J); SLPM-55283(NTSC-J); SLPM-55285(NTSC-J); SLPM-55288(NTSC-J); SLPM-55289(NTSC-J); SLPM-55293(NTSC-J); SLPM-55298(NTSC-J); SLPM-60109(NTSC-J); SLPM-60112(NTSC-J); SLPM-60115(NTSC-J); SLPM-60117(NTSC-J); SLPM-60118(NTSC-J); SLPM-60119(NTSC-J); SLPM-60120(NTSC-J); SLPM-60127(NTSC-J); SLPM-60130(NTSC-J); SLPM-60134(NTSC-J); SLPM-60143(NTSC-J); SLPM-60145(NTSC-J); SLPM-60153(NTSC-J); SLPM-60157(NTSC-J); SLPM-60158(NTSC-J); SLPM-60165(NTSC-J); SLPM-60174(NTSC-J); SLPM-60175(NTSC-J); SLPM-60178(NTSC-J); SLPM-60180(NTSC-J); SLPM-60182(NTSC-J); SLPM-60194(NTSC-J); SLPM-60195(NTSC-J); SLPM-60212(NTSC-J); SLPM-60213(NTSC-J); SLPM-60214(NTSC-J); SLPM-60219(NTSC-J); SLPM-60225(NTSC-J); SLPM-60226(NTSC-J); SLPM-60239(NTSC-J); SLPM-60241(NTSC-J); SLPM-60242(NTSC-J); SLPM-60243(NTSC-J); SLPM-60245(NTSC-J); SLPM-60247(NTSC-J); SLPM-60248(NTSC-J); SLPM-60252(NTSC-J); SLPM-60255(NTSC-J); SLPM-60257(NTSC-J); SLPM-60259(NTSC-J); SLPM-60264(NTSC-J); SLPM-60265(NTSC-J); SLPM-60266(NTSC-J); SLPM-60268(NTSC-J); SLPM-60272(NTSC-J); SLPM-60278(NTSC-J); SLPM-60279(NTSC-J); SLPM-61001(NTSC-J); SLPM-61018(NTSC-J); SLPM-61025(NTSC-J); SLPM-61030(NTSC-J); SLPM-61036(NTSC-J); SLPM-61046(NTSC-J); SLPM-61055(NTSC-J); SLPM-61062(NTSC-J); SLPM-61067(NTSC-J); SLPM-61072(NTSC-J); SLPM-61074(NTSC-J); SLPM-61080(NTSC-J); SLPM-61082(NTSC-J); SLPM-61084(NTSC-J); SLPM-61090(NTSC-J); SLPM-61091(NTSC-J); SLPM-61096(NTSC-J); SLPM-61101(NTSC-J); SLPM-61102(NTSC-J); SLPM-61103(NTSC-J); SLPM-61104(NTSC-J); SLPM-61112(NTSC-J); SLPM-61116(NTSC-J); SLPM-61117(NTSC-J); SLPM-61118(NTSC-J); SLPM-61119(NTSC-J); SLPM-61124(NTSC-J); SLPM-61127(NTSC-J); SLPM-61130(NTSC-J); SLPM-61132(NTSC-J); SLPM-61133(NTSC-J); SLPM-61138(NTSC-J); SLPM-61140(NTSC-J); SLPM-61144(NTSC-J); SLPM-61147(NTSC-J); SLPM-61148(NTSC-J); SLPM-61155(NTSC-J); SLPM-61158(NTSC-J); SLPM-61161(NTSC-J); SLPM-62001(NTSC-J); SLPM-62003(NTSC-J); SLPM-62005(NTSC-J); SLPM-62007(NTSC-J); SLPM-62010(NTSC-J); SLPM-62012(NTSC-J); SLPM-62015(NTSC-J); SLPM-62016(NTSC-J); SLPM-62021(NTSC-J); SLPM-62022(NTSC-J); SLPM-62025(NTSC-J); SLPM-62027(NTSC-J); SLPM-62028(NTSC-J); SLPM-62030(NTSC-J); SLPM-62035(NTSC-J); SLPM-62036(NTSC-J); SLPM-62037(NTSC-J); SLPM-62038(NTSC-J); SLPM-62039(NTSC-J); SLPM-62047(NTSC-J); SLPM-62054(NTSC-J); SLPM-62062(NTSC-J); SLPM-62063(NTSC-J); SLPM-62070(NTSC-J); SLPM-62073(NTSC-J); SLPM-62074(NTSC-J); SLPM-62077(NTSC-J); SLPM-62078(NTSC-J); SLPM-62099(NTSC-J); SLPM-62105(NTSC-J); SLPM-62107(NTSC-J); SLPM-62108(NTSC-J); SLPM-62109(NTSC-J); SLPM-62117(NTSC-J); SLPM-62118(NTSC-J); SLPM-62122(NTSC-J); SLPM-62127(NTSC-J); SLPM-62131(NTSC-J); SLPM-62137(NTSC-J); SLPM-62138(NTSC-J); SLPM-62139(NTSC-J); SLPM-62140(NTSC-J); SLPM-62141(NTSC-J); SLPM-62143(NTSC-J); SLPM-62144(NTSC-J); SLPM-62145(NTSC-J); SLPM-62146(NTSC-J); SLPM-62147(NTSC-J); SLPM-62148(NTSC-J); SLPM-62153(NTSC-J); SLPM-62157(NTSC-J); SLPM-62165(NTSC-J); SLPM-62168(NTSC-J); SLPM-62170(NTSC-J); SLPM-62177(NTSC-J); SLPM-62183(NTSC-J); SLPM-62184(NTSC-J); SLPM-62185(NTSC-J); SLPM-62186(NTSC-J); SLPM-62188(NTSC-J); SLPM-62194(NTSC-J); SLPM-62195(NTSC-J); SLPM-62200(NTSC-J); SLPM-62203(NTSC-J); SLPM-62206(NTSC-J); SLPM-62209(NTSC-J); SLPM-62228(NTSC-J); SLPM-62237(NTSC-J); SLPM-62238(NTSC-J); SLPM-62247(NTSC-J); SLPM-62254(NTSC-J); SLPM-62256(NTSC-J); SLPM-62257(NTSC-J); SLPM-62259(NTSC-J); SLPM-62263(NTSC-J); SLPM-62264(NTSC-J); SLPM-62269(NTSC-J); SLPM-62283(NTSC-J); SLPM-62284(NTSC-J); SLPM-62286(NTSC-J); SLPM-62288(NTSC-J); SLPM-62297(NTSC-J); SLPM-62298(NTSC-J); SLPM-62300(NTSC-J); SLPM-62301(NTSC-J); SLPM-62315(NTSC-J); SLPM-62318(NTSC-J); SLPM-62321(NTSC-J); SLPM-62332(NTSC-J); SLPM-62333(NTSC-J); SLPM-62338(NTSC-J); SLPM-62340(NTSC-J); SLPM-62341(NTSC-J); SLPM-62346(NTSC-J); SLPM-62348(NTSC-J); SLPM-62354(NTSC-J); SLPM-62360(NTSC-J); SLPM-62361(NTSC-J); SLPM-62365(NTSC-J); SLPM-62368(NTSC-J); SLPM-62378(NTSC-J); SLPM-62390(NTSC-J); SLPM-62391(NTSC-J); SLPM-62403(NTSC-J); SLPM-62405(NTSC-J); SLPM-62406(NTSC-J); SLPM-62407(NTSC-J); SLPM-62408(NTSC-J); SLPM-62409(NTSC-J); SLPM-62411(NTSC-J); SLPM-62413(NTSC-J); SLPM-62417(NTSC-J); SLPM-62421(NTSC-J); SLPM-62424(NTSC-J); SLPM-62440(NTSC-J); SLPM-62442(NTSC-J); SLPM-62449(NTSC-J); SLPM-62450(NTSC-J); SLPM-62458(NTSC-J); SLPM-62461(NTSC-J); SLPM-62462(NTSC-J); SLPM-62463(NTSC-J); SLPM-62472(NTSC-J); SLPM-62473(NTSC-J); SLPM-62480(NTSC-J); SLPM-62482(NTSC-J); SLPM-62488(NTSC-J); SLPM-62489(NTSC-J); SLPM-62490(NTSC-J); SLPM-62491(NTSC-J); SLPM-62492(NTSC-J); SLPM-62501(NTSC-J); SLPM-62502(NTSC-J); SLPM-62503(NTSC-J); SLPM-62505(NTSC-J); SLPM-62511(NTSC-J); SLPM-62512(NTSC-J); SLPM-62513(NTSC-J); SLPM-62514(NTSC-J); SLPM-62516(NTSC-J); SLPM-62518(NTSC-J); SLPM-62519(NTSC-J); SLPM-62520(NTSC-J); SLPM-62523(NTSC-J); SLPM-62528(NTSC-J); SLPM-62529(NTSC-J); SLPM-62530(NTSC-J); SLPM-62532(NTSC-J); SLPM-62537(NTSC-J); SLPM-62538(NTSC-J); SLPM-62546(NTSC-J); SLPM-62549(NTSC-J); SLPM-62550(NTSC-J); SLPM-62551(NTSC-J); SLPM-62554(NTSC-J); SLPM-62559(NTSC-J); SLPM-62565(NTSC-J); SLPM-62568(NTSC-J); SLPM-62570(NTSC-J); SLPM-62572(NTSC-J); SLPM-62573(NTSC-J); SLPM-62578(NTSC-J); SLPM-62583(NTSC-J); SLPM-62584(NTSC-J); SLPM-62585(NTSC-J); SLPM-62594(NTSC-J); SLPM-62597(NTSC-J); SLPM-62598(NTSC-J); SLPM-62602(NTSC-J); SLPM-62603(NTSC-J); SLPM-62609(NTSC-J); SLPM-62610(NTSC-J); SLPM-62611(NTSC-J); SLPM-62612(NTSC-J); SLPM-62614(NTSC-J); SLPM-62619(NTSC-J); SLPM-62621(NTSC-J); SLPM-62623(NTSC-J); SLPM-62625(NTSC-J); SLPM-62626(NTSC-J); SLPM-62627(NTSC-J); SLPM-62628(NTSC-J); SLPM-62629(NTSC-J); SLPM-62630(NTSC-J); SLPM-62639(NTSC-J); SLPM-62640(NTSC-J); SLPM-62644(NTSC-J); SLPM-62645(NTSC-J); SLPM-62646(NTSC-J); SLPM-62658(NTSC-J); SLPM-62660(NTSC-J); SLPM-62661(NTSC-J); SLPM-62678(NTSC-J); SLPM-62681(NTSC-J); SLPM-62683(NTSC-J); SLPM-62684(NTSC-J); SLPM-62689(NTSC-J); SLPM-62695(NTSC-J); SLPM-62696(NTSC-J); SLPM-62698(NTSC-J); SLPM-62699(NTSC-J); SLPM-62700(NTSC-J); SLPM-62704(NTSC-J); SLPM-62705(NTSC-J); SLPM-62706(NTSC-J); SLPM-62707(NTSC-J); SLPM-62710(NTSC-J); SLPM-62713(NTSC-J); SLPM-62714(NTSC-J); SLPM-62715(NTSC-J); SLPM-62719(NTSC-J); SLPM-62720(NTSC-J); SLPM-62721(NTSC-J); SLPM-62722(NTSC-J); SLPM-62725(NTSC-J); SLPM-62729(NTSC-J); SLPM-62730(NTSC-J); SLPM-62731(NTSC-J); SLPM-62733(NTSC-J); SLPM-62737(NTSC-J); SLPM-62738(NTSC-J); SLPM-62739(NTSC-J); SLPM-62740(NTSC-J); SLPM-62742(NTSC-J); SLPM-62743(NTSC-J); SLPM-62744(NTSC-J); SLPM-62745(NTSC-J); SLPM-62749(NTSC-J); SLPM-62751(NTSC-J); SLPM-62754(NTSC-J); SLPM-62755(NTSC-J); SLPM-62758(NTSC-J); SLPM-62759(NTSC-J); SLPM-62772(NTSC-J); SLPM-62779(NTSC-J); SLPM-62781(NTSC-J); SLPM-62785(NTSC-J); SLPM-64501(NTSC-K); SLPM-64502(NTSC-K); SLPM-64504(NTSC-K); SLPM-64507(NTSC-K); SLPM-64509(NTSC-K); SLPM-64512(NTSC-K); SLPM-64513(NTSC-K); SLPM-64514(NTSC-K); SLPM-64517(NTSC-K); SLPM-64519(NTSC-K); SLPM-64521(NTSC-K); SLPM-64522(NTSC-K); SLPM-64524(NTSC-K); SLPM-64525(NTSC-K); SLPM-64527(NTSC-K); SLPM-64528(NTSC-K); SLPM-64532(NTSC-K); SLPM-64534(NTSC-K); SLPM-64540(NTSC-K); SLPM-64544(NTSC-K); SLPM-64549(NTSC-K); SLPM-65001(NTSC-J); SLPM-65002(NTSC-J); SLPM-65003(NTSC-J); SLPM-65004(NTSC-J); SLPM-65005(NTSC-J); SLPM-65010(NTSC-J); SLPM-65012(NTSC-J); SLPM-65020(NTSC-J); SLPM-65021(NTSC-J); SLPM-65022(NTSC-J); SLPM-65024(NTSC-J); SLPM-65027(NTSC-J); SLPM-65028(NTSC-J); SLPM-65029(NTSC-J); SLPM-65032(NTSC-J); SLPM-65034(NTSC-J); SLPM-65035(NTSC-J); SLPM-65037(NTSC-J); SLPM-65040(NTSC-J); SLPM-65041(NTSC-J); SLPM-65042(NTSC-J); SLPM-65043(NTSC-J); SLPM-65044(NTSC-J); SLPM-65046(NTSC-J); SLPM-65050(NTSC-J); SLPM-65054(NTSC-J); SLPM-65061(NTSC-J); SLPM-65066(NTSC-J); SLPM-65071(NTSC-J); SLPM-65073(NTSC-J); SLPM-65074(NTSC-J); SLPM-65081(NTSC-J); SLPM-65082(NTSC-J); SLPM-65089(NTSC-J); SLPM-65093(NTSC-J); SLPM-65097(NTSC-J); SLPM-65115(NTSC-J); SLPM-65125(NTSC-J); SLPM-65130(NTSC-J); SLPM-65131(NTSC-J); SLPM-65132(NTSC-J); SLPM-65136(NTSC-J); SLPM-65141(NTSC-J); SLPM-65142(NTSC-J); SLPM-65144(NTSC-J); SLPM-65151(NTSC-J); SLPM-65159(NTSC-J); SLPM-65160(NTSC-J); SLPM-65176(NTSC-J); SLPM-65177(NTSC-J); SLPM-65179(NTSC-J); SLPM-65196(NTSC-J); SLPM-65201(NTSC-J); SLPM-65205(NTSC-J); SLPM-65206(NTSC-J); SLPM-65207(NTSC-J); SLPM-65212(NTSC-J); SLPM-65217(NTSC-J); SLPM-65218(NTSC-J); SLPM-65222(NTSC-J); SLPM-65223(NTSC-J); SLPM-65226(NTSC-J); SLPM-65228(NTSC-J); SLPM-65229(NTSC-J); SLPM-65234(NTSC-J); SLPM-65235(NTSC-J); SLPM-65238(NTSC-J); SLPM-65239(NTSC-J); SLPM-65244(NTSC-J); SLPM-65250(NTSC-J); SLPM-65254(NTSC-J); SLPM-65255(NTSC-J); SLPM-65260(NTSC-J); SLPM-65262(NTSC-J); SLPM-65272(NTSC-J); SLPM-65274(NTSC-J); SLPM-65275(NTSC-J); SLPM-65280(NTSC-J); SLPM-65281(NTSC-J); SLPM-65282(NTSC-J); SLPM-65283(NTSC-J); SLPM-65285(NTSC-J); SLPM-65287(NTSC-J); SLPM-65289(NTSC-J); SLPM-65290(NTSC-J); SLPM-65291(NTSC-J); SLPM-65292(NTSC-J); SLPM-65294(NTSC-J); SLPM-65295(NTSC-J); SLPM-65300(NTSC-J); SLPM-65301(NTSC-J); SLPM-65302(NTSC-J); SLPM-65303(NTSC-J); SLPM-65304(NTSC-J); SLPM-65305(NTSC-J); SLPM-65324(NTSC-J); SLPM-65328(NTSC-J); SLPM-65329(NTSC-J); SLPM-65332(NTSC-J); SLPM-65333(NTSC-J); SLPM-65337(NTSC-J); SLPM-65338(NTSC-J); SLPM-65339(NTSC-J); SLPM-65342(NTSC-J); SLPM-65344(NTSC-J); SLPM-65355(NTSC-J); SLPM-65356(NTSC-J); SLPM-65357(NTSC-J); SLPM-65359(NTSC-J); SLPM-65363(NTSC-J); SLPM-65364(NTSC-J); SLPM-65367(NTSC-J); SLPM-65373(NTSC-J); SLPM-65374(NTSC-J); SLPM-65381(NTSC-J); SLPM-65382(NTSC-J); SLPM-65390(NTSC-J); SLPM-65391(NTSC-J); SLPM-65392(NTSC-J); SLPM-65395(NTSC-J); SLPM-65396(NTSC-J); SLPM-65403(NTSC-J); SLPM-65405(NTSC-J); SLPM-65406(NTSC-J); SLPM-65407(NTSC-J); SLPM-65410(NTSC-J); SLPM-65411(NTSC-J); SLPM-65422(NTSC-J); SLPM-65423(NTSC-J); SLPM-65424(NTSC-J); SLPM-65425(NTSC-J); SLPM-65428(NTSC-J); SLPM-65431(NTSC-J); SLPM-65441(NTSC-J); SLPM-65444(NTSC-J); SLPM-65456(NTSC-J); SLPM-65457(NTSC-J); SLPM-65465(NTSC-J); SLPM-65466(NTSC-J); SLPM-65469(NTSC-J); SLPM-65471(NTSC-J); SLPM-65473(NTSC-J); SLPM-65479(NTSC-J); SLPM-65483(NTSC-J); SLPM-65486(NTSC-J); SLPM-65491(NTSC-J); SLPM-65495(NTSC-J); SLPM-65501(NTSC-J); SLPM-65503(NTSC-J); SLPM-65515(NTSC-J); SLPM-65519(NTSC-J); SLPM-65524(NTSC-J); SLPM-65525(NTSC-J); SLPM-65526(NTSC-J); SLPM-65529(NTSC-J); SLPM-65532(NTSC-J); SLPM-65533(NTSC-J); SLPM-65534(NTSC-J); SLPM-65535(NTSC-J); SLPM-65537(NTSC-J); SLPM-65541(NTSC-J); SLPM-65542(NTSC-J); SLPM-65545(NTSC-J); SLPM-65548(NTSC-J); SLPM-65554(NTSC-J); SLPM-65555(NTSC-J); SLPM-65556(NTSC-J); SLPM-65557(NTSC-J); SLPM-65558(NTSC-J); SLPM-65559(NTSC-J); SLPM-65560(NTSC-J); SLPM-65566(NTSC-J); SLPM-65567(NTSC-J); SLPM-65570(NTSC-J); SLPM-65575(NTSC-J); SLPM-65580(NTSC-J); SLPM-65581(NTSC-J); SLPM-65586(NTSC-J); SLPM-65591(NTSC-J); SLPM-65592(NTSC-J); SLPM-65594(NTSC-J); SLPM-65596(NTSC-J); SLPM-65598(NTSC-J); SLPM-65599(NTSC-J); SLPM-65600(NTSC-J); SLPM-65602(NTSC-J); SLPM-65603(NTSC-J); SLPM-65612(NTSC-J); SLPM-65613(NTSC-J); SLPM-65614(NTSC-J); SLPM-65616(NTSC-J); SLPM-65617(NTSC-J); SLPM-65618(NTSC-J); SLPM-65619(NTSC-J); SLPM-65625(NTSC-J); SLPM-65626(NTSC-J); SLPM-65627(NTSC-J); SLPM-65632(NTSC-J); SLPM-65633(NTSC-J); SLPM-65638(NTSC-J); SLPM-65639(NTSC-J); SLPM-65640(NTSC-J); SLPM-65642(NTSC-J); SLPM-65646(NTSC-J); SLPM-65647(NTSC-J); SLPM-65648(NTSC-J); SLPM-65650(NTSC-J); SLPM-65651(NTSC-J); SLPM-65652(NTSC-J); SLPM-65654(NTSC-J); SLPM-65656(NTSC-J); SLPM-65660(NTSC-J); SLPM-65663(NTSC-J); SLPM-65665(NTSC-J); SLPM-65668(NTSC-J); SLPM-65669(NTSC-J); SLPM-65670(NTSC-J); SLPM-65674(NTSC-J); SLPM-65675(NTSC-J); SLPM-65676(NTSC-J); SLPM-65680(NTSC-J); SLPM-65684(NTSC-J); SLPM-65685(NTSC-J); SLPM-65686(NTSC-J); SLPM-65687(NTSC-J); SLPM-65688(NTSC-J); SLPM-65694(NTSC-J); SLPM-65695(NTSC-J); SLPM-65699(NTSC-J); SLPM-65701(NTSC-J); SLPM-65702(NTSC-J); SLPM-65703(NTSC-J); SLPM-65704(NTSC-J); SLPM-65705(NTSC-J); SLPM-65714(NTSC-J); SLPM-65715(NTSC-J); SLPM-65716(NTSC-J); SLPM-65722(NTSC-J); SLPM-65723(NTSC-J); SLPM-65726(NTSC-J); SLPM-65727(NTSC-J); SLPM-65728(NTSC-J); SLPM-65732(NTSC-J); SLPM-65735(NTSC-J); SLPM-65736(NTSC-J); SLPM-65737(NTSC-J); SLPM-65739(NTSC-J); SLPM-65747(NTSC-J); SLPM-65750(NTSC-J); SLPM-65751(NTSC-J); SLPM-65753(NTSC-J); SLPM-65755(NTSC-J); SLPM-65757(NTSC-J); SLPM-65758(NTSC-J); SLPM-65760(NTSC-J); SLPM-65762(NTSC-J); SLPM-65763(NTSC-J); SLPM-65773(NTSC-J); SLPM-65776(NTSC-J); SLPM-65777(NTSC-J); SLPM-65780(NTSC-J); SLPM-65781(NTSC-J); SLPM-65785(NTSC-J); SLPM-65786(NTSC-J); SLPM-65794(NTSC-J); SLPM-65800(NTSC-J); SLPM-65803(NTSC-J); SLPM-65804(NTSC-J); SLPM-65805(NTSC-J); SLPM-65807(NTSC-J); SLPM-65811(NTSC-J); SLPM-65815(NTSC-J); SLPM-65816(NTSC-J); SLPM-65821(NTSC-J); SLPM-65823(NTSC-J); SLPM-65826(NTSC-J); SLPM-65829(NTSC-J); SLPM-65830(NTSC-J); SLPM-65831(NTSC-J); SLPM-65835(NTSC-J); SLPM-65836(NTSC-J); SLPM-65840(NTSC-J); SLPM-65841(NTSC-J); SLPM-65846(NTSC-J); SLPM-65854(NTSC-J); SLPM-65860(NTSC-J); SLPM-65861(NTSC-J); SLPM-65862(NTSC-J); SLPM-65866(NTSC-J); SLPM-65879(NTSC-J); SLPM-65882(NTSC-J); SLPM-65886(NTSC-J); SLPM-65888(NTSC-J); SLPM-65889(NTSC-J); SLPM-65891(NTSC-J); SLPM-65895(NTSC-J); SLPM-65896(NTSC-J); SLPM-65899(NTSC-J); SLPM-65901(NTSC-J); SLPM-65904(NTSC-J); SLPM-65908(NTSC-J); SLPM-65909(NTSC-J); SLPM-65912(NTSC-J); SLPM-65913(NTSC-J); SLPM-65916(NTSC-J); SLPM-65917(NTSC-J); SLPM-65919(NTSC-J); SLPM-65922(NTSC-J); SLPM-65924(NTSC-J); SLPM-65925(NTSC-J); SLPM-65931(NTSC-J); SLPM-65934(NTSC-J); SLPM-65937(NTSC-J); SLPM-65940(NTSC-J); SLPM-65941(NTSC-J); SLPM-65942(NTSC-J); SLPM-65945(NTSC-J); SLPM-65954(NTSC-J); SLPM-65955(NTSC-J); SLPM-65957(NTSC-J); SLPM-65959(NTSC-J); SLPM-65962(NTSC-J); SLPM-65963(NTSC-J); SLPM-65964(NTSC-J); SLPM-65965(NTSC-J); SLPM-65967(NTSC-J); SLPM-65973(NTSC-J); SLPM-65974(NTSC-J); SLPM-65976(NTSC-J); SLPM-65977(NTSC-J); SLPM-65981(NTSC-J); SLPM-65988(NTSC-J); SLPM-65989(NTSC-J); SLPM-65995(NTSC-J); SLPM-65996(NTSC-J); SLPM-65997(NTSC-J); SLPM-65998(NTSC-J); SLPM-66002(NTSC-J); SLPM-66003(NTSC-J); SLPM-66006(NTSC-J); SLPM-66008(NTSC-J); SLPM-66013(NTSC-J); SLPM-66020(NTSC-J); SLPM-66023(NTSC-J); SLPM-66024(NTSC-J); SLPM-66028(NTSC-J); SLPM-66030(NTSC-J); SLPM-66035(NTSC-J); SLPM-66038(NTSC-J); SLPM-66040(NTSC-J); SLPM-66041(NTSC-J); SLPM-66042(NTSC-J); SLPM-66043(NTSC-J); SLPM-66046(NTSC-J); SLPM-66050(NTSC-J); SLPM-66052(NTSC-J); SLPM-66057(NTSC-J); SLPM-66059(NTSC-J); SLPM-66066(NTSC-J); SLPM-66067(NTSC-J); SLPM-66068(NTSC-J); SLPM-66069(NTSC-J); SLPM-66070(NTSC-J); SLPM-66071(NTSC-J); SLPM-66074(NTSC-J); SLPM-66076(NTSC-J); SLPM-66079(NTSC-J); SLPM-66082(NTSC-J); SLPM-66083(NTSC-J); SLPM-66084(NTSC-J); SLPM-66086(NTSC-J); SLPM-66090(NTSC-J); SLPM-66091(NTSC-J); SLPM-66092(NTSC-J); SLPM-66093(NTSC-J); SLPM-66095(NTSC-J); SLPM-66105(NTSC-J); SLPM-66106(NTSC-J); SLPM-66107(NTSC-J); SLPM-66108(NTSC-J); SLPM-66109(NTSC-J); SLPM-66110(NTSC-J); SLPM-66112(NTSC-J); SLPM-66113(NTSC-J); SLPM-66114(NTSC-J); SLPM-66115(NTSC-J); SLPM-66122(NTSC-J); SLPM-66123(NTSC-J); SLPM-66124(NTSC-J); SLPM-66130(NTSC-J); SLPM-66131(NTSC-J); SLPM-66134(NTSC-J); SLPM-66139(NTSC-J); SLPM-66142(NTSC-J); SLPM-66143(NTSC-J); SLPM-66145(NTSC-J); SLPM-66148(NTSC-J); SLPM-66149(NTSC-J); SLPM-66150(NTSC-J); SLPM-66151(NTSC-J); SLPM-66157(NTSC-J); SLPM-66158(NTSC-J); SLPM-66164(NTSC-J); SLPM-66165(NTSC-J); SLPM-66166(NTSC-J); SLPM-66167(NTSC-J); SLPM-66168(NTSC-J); SLPM-66170(NTSC-J); SLPM-66175(NTSC-J); SLPM-66176(NTSC-J); SLPM-66181(NTSC-J); SLPM-66183(NTSC-J); SLPM-66184(NTSC-J); SLPM-66185(NTSC-J); SLPM-66186(NTSC-J); SLPM-66190(NTSC-J); SLPM-66197(NTSC-J); SLPM-66201(NTSC-J); SLPM-66202(NTSC-J); SLPM-66203(NTSC-J); SLPM-66207(NTSC-J); SLPM-66219(NTSC-J); SLPM-66231(NTSC-J); SLPM-66232(NTSC-J); SLPM-66233(NTSC-J); SLPM-66234(NTSC-J); SLPM-66237(NTSC-J); SLPM-66238(NTSC-J); SLPM-66243(NTSC-J); SLPM-66247(NTSC-J); SLPM-66249(NTSC-J); SLPM-66252(NTSC-J); SLPM-66253(NTSC-J); SLPM-66254(NTSC-J); SLPM-66263(NTSC-J); SLPM-66267(NTSC-J); SLPM-66269(NTSC-J); SLPM-66270(NTSC-J); SLPM-66271(NTSC-J); SLPM-66274(NTSC-J); SLPM-66278(NTSC-J); SLPM-66279(NTSC-J); SLPM-66281(NTSC-J); SLPM-66285(NTSC-J); SLPM-66286(NTSC-J); SLPM-66290(NTSC-J); SLPM-66291(NTSC-J); SLPM-66293(NTSC-J); SLPM-66295(NTSC-J); SLPM-66296(NTSC-J); SLPM-66297(NTSC-J); SLPM-66298(NTSC-J); SLPM-66299(NTSC-J); SLPM-66301(NTSC-J); SLPM-66308(NTSC-J); SLPM-66312(NTSC-J); SLPM-66316(NTSC-J); SLPM-66317(NTSC-J); SLPM-66320(NTSC-J); SLPM-66323(NTSC-J); SLPM-66324(NTSC-J); SLPM-66325(NTSC-J); SLPM-66326(NTSC-J); SLPM-66327(NTSC-J); SLPM-66329(NTSC-J); SLPM-66332(NTSC-J); SLPM-66336(NTSC-J); SLPM-66338(NTSC-J); SLPM-66339(NTSC-J); SLPM-66340(NTSC-J); SLPM-66341(NTSC-J); SLPM-66349(NTSC-J); SLPM-66351(NTSC-J); SLPM-66357(NTSC-J); SLPM-66358(NTSC-J); SLPM-66359(NTSC-J); SLPM-66363(NTSC-J); SLPM-66375(NTSC-J); SLPM-66376(NTSC-J); SLPM-66377(NTSC-J); SLPM-66378(NTSC-J); SLPM-66382(NTSC-J); SLPM-66383(NTSC-J); SLPM-66387(NTSC-J); SLPM-66388(NTSC-J); SLPM-66391(NTSC-J); SLPM-66394(NTSC-J); SLPM-66395(NTSC-J); SLPM-66396(NTSC-J); SLPM-66401(NTSC-J); SLPM-66402(NTSC-J); SLPM-66404(NTSC-J); SLPM-66405(NTSC-J); SLPM-66406(NTSC-J); SLPM-66410(NTSC-J); SLPM-66415(NTSC-J); SLPM-66416(NTSC-J); SLPM-66417(NTSC-J); SLPM-66418(NTSC-J); SLPM-66424(NTSC-J); SLPM-66430(NTSC-J); SLPM-66432(NTSC-J); SLPM-66433(NTSC-J); SLPM-66436(NTSC-J); SLPM-66438(NTSC-J); SLPM-66439(NTSC-J); SLPM-66440(NTSC-J); SLPM-66441(NTSC-J); SLPM-66442(NTSC-J); SLPM-66444(NTSC-J); SLPM-66446(NTSC-J); SLPM-66453(NTSC-J); SLPM-66454(NTSC-J); SLPM-66455(NTSC-J); SLPM-66456(NTSC-J); SLPM-66457(NTSC-J); SLPM-66458(NTSC-J); SLPM-66459(NTSC-J); SLPM-66461(NTSC-J); SLPM-66462(NTSC-J); SLPM-66465(NTSC-J); SLPM-66471(NTSC-J); SLPM-66473(NTSC-J); SLPM-66474(NTSC-J); SLPM-66477(NTSC-J); SLPM-66480(NTSC-J); SLPM-66481(NTSC-J); SLPM-66483(NTSC-J); SLPM-66485(NTSC-J); SLPM-66489(NTSC-J); SLPM-66491(NTSC-J); SLPM-66496(NTSC-J); SLPM-66499(NTSC-J); SLPM-66501(NTSC-J); SLPM-66507(NTSC-J); SLPM-66508(NTSC-J); SLPM-66514(NTSC-J); SLPM-66515(NTSC-J); SLPM-66516(NTSC-J); SLPM-66518(NTSC-J); SLPM-66520(NTSC-J); SLPM-66521(NTSC-J); SLPM-66524(NTSC-J); SLPM-66526(NTSC-J); SLPM-66548(NTSC-J); SLPM-66552(NTSC-J); SLPM-66553(NTSC-J); SLPM-66556(NTSC-J); SLPM-66558(NTSC-J); SLPM-66560(NTSC-J); SLPM-66562(NTSC-J); SLPM-66563(NTSC-J); SLPM-66566(NTSC-J); SLPM-66567(NTSC-J); SLPM-66568(NTSC-J); SLPM-66569(NTSC-J); SLPM-66574(NTSC-J); SLPM-66582(NTSC-J); SLPM-66583(NTSC-J); SLPM-66585(NTSC-J); SLPM-66586(NTSC-J); SLPM-66587(NTSC-J); SLPM-66594(NTSC-J); SLPM-66596(NTSC-J); SLPM-66598(NTSC-J); SLPM-66605(NTSC-J); SLPM-66606(NTSC-J); SLPM-66607(NTSC-J); SLPM-66612(NTSC-J); SLPM-66613(NTSC-J); SLPM-66617(NTSC-J); SLPM-66618(NTSC-J); SLPM-66619(NTSC-J); SLPM-66620(NTSC-J); SLPM-66623(NTSC-J); SLPM-66629(NTSC-J); SLPM-66631(NTSC-J); SLPM-66633(NTSC-J); SLPM-66634(NTSC-J); SLPM-66636(NTSC-J); SLPM-66637(NTSC-J); SLPM-66638(NTSC-J); SLPM-66640(NTSC-J); SLPM-66641(NTSC-J); SLPM-66645(NTSC-J); SLPM-66646(NTSC-J); SLPM-66649(NTSC-J); SLPM-66652(NTSC-J); SLPM-66667(NTSC-J); SLPM-66668(NTSC-J); SLPM-66671(NTSC-J); SLPM-66672(NTSC-J); SLPM-66673(NTSC-J); SLPM-66675(NTSC-J); SLPM-66677(NTSC-J); SLPM-66683(NTSC-J); SLPM-66687(NTSC-J); SLPM-66692(NTSC-J); SLPM-66694(NTSC-J); SLPM-66697(NTSC-J); SLPM-66698(NTSC-J); SLPM-66703(NTSC-J); SLPM-66704(NTSC-J); SLPM-66705(NTSC-J); SLPM-66707(NTSC-J); SLPM-66708(NTSC-J); SLPM-66709(NTSC-J); SLPM-66710(NTSC-J); SLPM-66712(NTSC-J); SLPM-66713(NTSC-J); SLPM-66715(NTSC-J); SLPM-66717(NTSC-J); SLPM-66718(NTSC-J); SLPM-66719(NTSC-J); SLPM-66729(NTSC-J); SLPM-66730(NTSC-J); SLPM-66732(NTSC-J); SLPM-66733(NTSC-J); SLPM-66734(NTSC-J); SLPM-66735(NTSC-J); SLPM-66737(NTSC-J); SLPM-66738(NTSC-J); SLPM-66739(NTSC-J); SLPM-66740(NTSC-J); SLPM-66741(NTSC-J); SLPM-66743(NTSC-J); SLPM-66747(NTSC-J); SLPM-66748(NTSC-J); SLPM-66750(NTSC-J); SLPM-66752(NTSC-J); SLPM-66755(NTSC-J); SLPM-66758(NTSC-J); SLPM-66763(NTSC-J); SLPM-66765(NTSC-J); SLPM-66766(NTSC-J); SLPM-66767(NTSC-J); SLPM-66770(NTSC-J); SLPM-66774(NTSC-J); SLPM-66775(NTSC-J); SLPM-66776(NTSC-J); SLPM-66779(NTSC-J); SLPM-66780(NTSC-J); SLPM-66781(NTSC-J); SLPM-66783(NTSC-J); SLPM-66785(NTSC-J); SLPM-66789(NTSC-J); SLPM-66800(NTSC-J); SLPM-66802(NTSC-J); SLPM-66807(NTSC-J); SLPM-66808(NTSC-J); SLPM-66813(NTSC-J); SLPM-66815(NTSC-J); SLPM-66823(NTSC-J); SLPM-66826(NTSC-J); SLPM-66827(NTSC-J); SLPM-66830(NTSC-J); SLPM-66841(NTSC-J); SLPM-66842(NTSC-J); SLPM-66844(NTSC-J); SLPM-66845(NTSC-J); SLPM-66849(NTSC-J); SLPM-66850(NTSC-J); SLPM-66852(NTSC-J); SLPM-66853(NTSC-J); SLPM-66854(NTSC-J); SLPM-66857(NTSC-J); SLPM-66858(NTSC-J); SLPM-66860(NTSC-J); SLPM-66861(NTSC-J); SLPM-66862(NTSC-J); SLPM-66864(NTSC-J); SLPM-66868(NTSC-J); SLPM-66869(NTSC-J); SLPM-66870(NTSC-J); SLPM-66873(NTSC-J); SLPM-66874(NTSC-J); SLPM-66878(NTSC-J); SLPM-66882(NTSC-J); SLPM-66883(NTSC-J); SLPM-66886(NTSC-J); SLPM-66889(NTSC-J); SLPM-66890(NTSC-J); SLPM-66893(NTSC-J); SLPM-66894(NTSC-J); SLPM-66895(NTSC-J); SLPM-66898(NTSC-J); SLPM-66899(NTSC-J); SLPM-66900(NTSC-J); SLPM-66902(NTSC-J); SLPM-66906(NTSC-J); SLPM-66907(NTSC-J); SLPM-66909(NTSC-J); SLPM-66910(NTSC-J); SLPM-66911(NTSC-J); SLPM-66912(NTSC-J); SLPM-66913(NTSC-J); SLPM-66914(NTSC-J); SLPM-66919(NTSC-J); SLPM-66920(NTSC-J); SLPM-66929(NTSC-J); SLPM-66932(NTSC-J); SLPM-66933(NTSC-J); SLPM-66934(NTSC-J); SLPM-66937(NTSC-J); SLPM-66938(NTSC-J); SLPM-66941(NTSC-J); SLPM-66944(NTSC-J); SLPM-66945(NTSC-J); SLPM-66956(NTSC-J); SLPM-66957(NTSC-J); SLPM-66958(NTSC-J); SLPM-66959(NTSC-J); SLPM-66963(NTSC-J); SLPM-66966(NTSC-J); SLPM-66969(NTSC-J); SLPM-66973(NTSC-J); SLPM-66975(NTSC-J); SLPM-66976(NTSC-J); SLPM-66980(NTSC-J); SLPM-66989(NTSC-J); SLPM-66990(NTSC-J); SLPM-66991(NTSC-J); SLPM-66994(NTSC-J); SLPM-66998(NTSC-J); SLPM-66999(NTSC-J); SLPM-67000(NTSC-J); SLPM-67003(NTSC-J); SLPM-67004(NTSC-J); SLPM-67005(NTSC-J); SLPM-67009(NTSC-J); SLPM-67010(NTSC-J); SLPM-67011(NTSC-J); SLPM-67013(NTSC-J); SLPM-67017(NTSC-J); SLPM-67505(NTSC-K); SLPM-67506(NTSC-K); SLPM-67508(NTSC-K); SLPM-67514(NTSC-K); SLPM-67519(NTSC-K); SLPM-67520(NTSC-K); SLPM-67522(NTSC-K); SLPM-67525(NTSC-K); SLPM-67526(NTSC-K); SLPM-67531(NTSC-K); SLPM-67533(NTSC-K); SLPM-67535(NTSC-K); SLPM-67540(NTSC-K); SLPM-67543(NTSC-K); SLPM-67545(NTSC-K); SLPM-67546(NTSC-K); SLPM-68005(NTSC-J); SLPM-68007(NTSC-J); SLPM-68016(NTSC-J); SLPM-68501(NTSC-J); SLPM-68505(NTSC-J); SLPM-68520(NTSC-J); SLPM-69001(NTSC-J); SLPM-69002(NTSC-J); SLPM-69006(NTSC-J); SLPM-74001(NTSC-J); SLPM-74002(NTSC-J); SLPM-74004(NTSC-J); SLPM-74005(NTSC-J); SLPM-74201(NTSC-J); SLPM-74202(NTSC-J); SLPM-74206(NTSC-J); SLPM-74210(NTSC-J); SLPM-74212(NTSC-J); SLPM-74213(NTSC-J); SLPM-74218(NTSC-J); SLPM-74221(NTSC-J); SLPM-74222(NTSC-J); SLPM-74224(NTSC-J); SLPM-74225(NTSC-J); SLPM-74227(NTSC-J); SLPM-74228(NTSC-J); SLPM-74231(NTSC-J); SLPM-74234(NTSC-J); SLPM-74235(NTSC-J); SLPM-74238(NTSC-J); SLPM-74239(NTSC-J); SLPM-74243(NTSC-J); SLPM-74249(NTSC-J); SLPM-74251(NTSC-J); SLPM-74252(NTSC-J); SLPM-74253(NTSC-J); SLPM-74259(NTSC-J); SLPM-74260(NTSC-J); SLPM-74261(NTSC-J); SLPM-74263(NTSC-J); SLPM-74265(NTSC-J); SLPM-74269(NTSC-J); SLPM-74281(NTSC-J); SLPM-74401(NTSC-J); SLPM-74405(NTSC-J); SLPM-74408(NTSC-J); SLPM-74410(NTSC-J); SLPM-74411(NTSC-J); SLPM-74414(NTSC-J); SLPM-74419(NTSC-J); SLPM-74421(NTSC-J); SLPS-20001(NTSC-J); SLPS-20004(NTSC-J); SLPS-20008(NTSC-J); SLPS-20011(NTSC-J); SLPS-20012(NTSC-J); SLPS-20016(NTSC-J); SLPS-20018(NTSC-J); SLPS-20019(NTSC-J); SLPS-20021(NTSC-J); SLPS-20022(NTSC-J); SLPS-20023(NTSC-J); SLPS-20024(NTSC-J); SLPS-20029(NTSC-J); SLPS-20030(NTSC-J); SLPS-20031(NTSC-J); SLPS-20033(NTSC-J); SLPS-20038(NTSC-J); SLPS-20041(NTSC-J); SLPS-20045(NTSC-J); SLPS-20046(NTSC-J); SLPS-20047(NTSC-J); SLPS-20053(NTSC-J); SLPS-20056(NTSC-J); SLPS-20057(NTSC-J); SLPS-20058(NTSC-J); SLPS-20059(NTSC-J); SLPS-20061(NTSC-J); SLPS-20062(NTSC-J); SLPS-20064(NTSC-J); SLPS-20066(NTSC-J); SLPS-20067(NTSC-J); SLPS-20070(NTSC-J); SLPS-20072(NTSC-J); SLPS-20074(NTSC-J); SLPS-20078(NTSC-J); SLPS-20080(NTSC-J); SLPS-20081(NTSC-J); SLPS-20083(NTSC-J); SLPS-20089(NTSC-J); SLPS-20093(NTSC-J); SLPS-20096(NTSC-J); SLPS-20105(NTSC-J); SLPS-20106(NTSC-J); SLPS-20109(NTSC-J); SLPS-20117(NTSC-J); SLPS-20125(NTSC-J); SLPS-20127(NTSC-J); SLPS-20130(NTSC-J); SLPS-20131(NTSC-J); SLPS-20132(NTSC-J); SLPS-20134(NTSC-J); SLPS-20135(NTSC-J); SLPS-20138(NTSC-J); SLPS-20139(NTSC-J); SLPS-20140(NTSC-J); SLPS-20141(NTSC-J); SLPS-20144(NTSC-J); SLPS-20149(NTSC-J); SLPS-20160(NTSC-J); SLPS-20161(NTSC-J); SLPS-20162(NTSC-J); SLPS-20163(NTSC-J); SLPS-20164(NTSC-J); SLPS-20165(NTSC-J); SLPS-20167(NTSC-J); SLPS-20169(NTSC-J); SLPS-20171(NTSC-J); SLPS-20172(NTSC-J); SLPS-20177(NTSC-J); SLPS-20182(NTSC-J); SLPS-20185(NTSC-J); SLPS-20186(NTSC-J); SLPS-20196(NTSC-J); SLPS-20200(NTSC-J); SLPS-20207(NTSC-J); SLPS-20208(NTSC-J); SLPS-20217(NTSC-J); SLPS-20218(NTSC-J); SLPS-20219(NTSC-J); SLPS-20221(NTSC-J); SLPS-20222(NTSC-J); SLPS-20224(NTSC-J); SLPS-20225(NTSC-J); SLPS-20230(NTSC-J); SLPS-20231(NTSC-J); SLPS-20234(NTSC-J); SLPS-20241(NTSC-J); SLPS-20247(NTSC-J); SLPS-20248(NTSC-J); SLPS-20250(NTSC-J); SLPS-20251(NTSC-J); SLPS-20255(NTSC-J); SLPS-20259(NTSC-J); SLPS-20260(NTSC-J); SLPS-20266(NTSC-J); SLPS-20267(NTSC-J); SLPS-20268(NTSC-J); SLPS-20272(NTSC-J); SLPS-20280(NTSC-J); SLPS-20281(NTSC-J); SLPS-20282(NTSC-J); SLPS-20287(NTSC-J); SLPS-20293(NTSC-J); SLPS-20301(NTSC-J); SLPS-20303(NTSC-J); SLPS-20304(NTSC-J); SLPS-20308(NTSC-J); SLPS-20309(NTSC-J); SLPS-20310(NTSC-J); SLPS-20311(NTSC-J); SLPS-20312(NTSC-J); SLPS-20313(NTSC-J); SLPS-20317(NTSC-J); SLPS-20320(NTSC-J); SLPS-20321(NTSC-J); SLPS-20323(NTSC-J); SLPS-20327(NTSC-J); SLPS-20328(NTSC-J); SLPS-20330(NTSC-J); SLPS-20343(NTSC-J); SLPS-20344(NTSC-J); SLPS-20345(NTSC-J); SLPS-20349(NTSC-J); SLPS-20350(NTSC-J); SLPS-20361(NTSC-J); SLPS-20368(NTSC-J); SLPS-20369(NTSC-J); SLPS-20371(NTSC-J); SLPS-20372(NTSC-J); SLPS-20373(NTSC-J); SLPS-20374(NTSC-J); SLPS-20376(NTSC-J); SLPS-20380(NTSC-J); SLPS-20382(NTSC-J); SLPS-20383(NTSC-J); SLPS-20384(NTSC-J); SLPS-20392(NTSC-J); SLPS-20399(NTSC-J); SLPS-20400(NTSC-J); SLPS-20401(NTSC-J); SLPS-20402(NTSC-J); SLPS-20403(NTSC-J); SLPS-20407(NTSC-J); SLPS-20408(NTSC-J); SLPS-20409(NTSC-J); SLPS-20410(NTSC-J); SLPS-20416(NTSC-J); SLPS-20417(NTSC-J); SLPS-20420(NTSC-J); SLPS-20424(NTSC-J); SLPS-20425(NTSC-J); SLPS-20426(NTSC-J); SLPS-20427(NTSC-J); SLPS-20436(NTSC-J); SLPS-20442(NTSC-J); SLPS-20447(NTSC-J); SLPS-20448(NTSC-J); SLPS-20450(NTSC-J); SLPS-20451(NTSC-J); SLPS-20471(NTSC-J); SLPS-20472(NTSC-J); SLPS-20479(NTSC-J); SLPS-20483(NTSC-J); SLPS-20485(NTSC-J); SLPS-20486(NTSC-J); SLPS-20487(NTSC-J); SLPS-20502(NTSC-J); SLPS-20504(NTSC-J); SLPS-20509(NTSC-J); SLPS-20510(NTSC-J); SLPS-25001(NTSC-J); SLPS-25003(NTSC-J); SLPS-25004(NTSC-J); SLPS-25005(NTSC-J); SLPS-25006(NTSC-J); SLPS-25013(NTSC-J); SLPS-25020(NTSC-J); SLPS-25029(NTSC-J); SLPS-25030(NTSC-J); SLPS-25031(NTSC-J); SLPS-25035(NTSC-J); SLPS-25041(NTSC-J); SLPS-25044(NTSC-J); SLPS-25050(NTSC-J); SLPS-25053(NTSC-J); SLPS-25057(NTSC-J); SLPS-25060(NTSC-J); SLPS-25062(NTSC-J); SLPS-25064(NTSC-J); SLPS-25065(NTSC-J); SLPS-25073(NTSC-J); SLPS-25077(NTSC-J); SLPS-25080(NTSC-J); SLPS-25081(NTSC-J); SLPS-25084(NTSC-J); SLPS-25088(NTSC-J); SLPS-25094(NTSC-J); SLPS-25095(NTSC-J); SLPS-25096(NTSC-J); SLPS-25105(NTSC-J); SLPS-25106(NTSC-J); SLPS-25111(NTSC-J); SLPS-25113(NTSC-J); SLPS-25119(NTSC-J); SLPS-25120(NTSC-J); SLPS-25123(NTSC-J); SLPS-25130(NTSC-J); SLPS-25131(NTSC-J); SLPS-25136(NTSC-J); SLPS-25144(NTSC-J); SLPS-25145(NTSC-J); SLPS-25146(NTSC-J); SLPS-25147(NTSC-J); SLPS-25151(NTSC-J); SLPS-25159(NTSC-J); SLPS-25161(NTSC-J); SLPS-25162(NTSC-J); SLPS-25164(NTSC-J); SLPS-25171(NTSC-J); SLPS-25178(NTSC-J); SLPS-25181(NTSC-J); SLPS-25186(NTSC-J); SLPS-25190(NTSC-J); SLPS-25191(NTSC-J); SLPS-25195(NTSC-J); SLPS-25196(NTSC-J); SLPS-25197(NTSC-J); SLPS-25198(NTSC-J); SLPS-25200(NTSC-J); SLPS-25201(NTSC-J); SLPS-25205(NTSC-J); SLPS-25207(NTSC-J); SLPS-25212(NTSC-J); SLPS-25214(NTSC-J); SLPS-25219(NTSC-J); SLPS-25220(NTSC-J); SLPS-25224(NTSC-J); SLPS-25225(NTSC-J); SLPS-25230(NTSC-J); SLPS-25231(NTSC-J); SLPS-25233(NTSC-J); SLPS-25234(NTSC-J); SLPS-25235(NTSC-J); SLPS-25241(NTSC-J); SLPS-25242(NTSC-J); SLPS-25243(NTSC-J); SLPS-25245(NTSC-J); SLPS-25246(NTSC-J); SLPS-25252(NTSC-J); SLPS-25259(NTSC-J); SLPS-25262(NTSC-J); SLPS-25265(NTSC-J); SLPS-25269(NTSC-J); SLPS-25274(NTSC-J); SLPS-25276(NTSC-J); SLPS-25278(NTSC-J); SLPS-25279(NTSC-J); SLPS-25294(NTSC-J); SLPS-25302(NTSC-J); SLPS-25303(NTSC-J); SLPS-25304(NTSC-J); SLPS-25308(NTSC-J); SLPS-25310(NTSC-J); SLPS-25317(NTSC-J); SLPS-25318(NTSC-J); SLPS-25320(NTSC-J); SLPS-25323(NTSC-J); SLPS-25324(NTSC-J); SLPS-25334(NTSC-J); SLPS-25335(NTSC-J); SLPS-25341(NTSC-J); SLPS-25346(NTSC-J); SLPS-25348(NTSC-J); SLPS-25349(NTSC-J); SLPS-25352(NTSC-J); SLPS-25353(NTSC-J); SLPS-25356(NTSC-J); SLPS-25358(NTSC-J); SLPS-25359(NTSC-J); SLPS-25360(NTSC-J); SLPS-25363(NTSC-J); SLPS-25364(NTSC-J); SLPS-25366(NTSC-J); SLPS-25367(NTSC-J); SLPS-25368(NTSC-J); SLPS-25369(NTSC-J); SLPS-25377(NTSC-J); SLPS-25378(NTSC-J); SLPS-25379(NTSC-J); SLPS-25382(NTSC-J); SLPS-25383(NTSC-J); SLPS-25384(NTSC-J); SLPS-25385(NTSC-J); SLPS-25390(NTSC-J); SLPS-25391(NTSC-J); SLPS-25395(NTSC-J); SLPS-25397(NTSC-J); SLPS-25399(NTSC-J); SLPS-25401(NTSC-J); SLPS-25402(NTSC-J); SLPS-25403(NTSC-J); SLPS-25406(NTSC-J); SLPS-25409(NTSC-J); SLPS-25410(NTSC-J); SLPS-25415(NTSC-J); SLPS-25416(NTSC-J); SLPS-25420(NTSC-J); SLPS-25422(NTSC-J); SLPS-25423(NTSC-J); SLPS-25424(NTSC-J); SLPS-25426(NTSC-J); SLPS-25427(NTSC-J); SLPS-25430(NTSC-J); SLPS-25432(NTSC-J); SLPS-25433(NTSC-J); SLPS-25435(NTSC-J); SLPS-25436(NTSC-J); SLPS-25440(NTSC-J); SLPS-25443(NTSC-J); SLPS-25447(NTSC-J); SLPS-25454(NTSC-J); SLPS-25456(NTSC-J); SLPS-25457(NTSC-J); SLPS-25459(NTSC-J); SLPS-25464(NTSC-J); SLPS-25465(NTSC-J); SLPS-25466(NTSC-J); SLPS-25467(NTSC-J); SLPS-25468(NTSC-J); SLPS-25470(NTSC-J); SLPS-25476(NTSC-J); SLPS-25478(NTSC-J); SLPS-25480(NTSC-J); SLPS-25481(NTSC-J); SLPS-25482(NTSC-J); SLPS-25483(NTSC-J); SLPS-25486(NTSC-J); SLPS-25487(NTSC-J); SLPS-25489(NTSC-J); SLPS-25497(NTSC-J); SLPS-25498(NTSC-J); SLPS-25501(NTSC-J); SLPS-25502(NTSC-J); SLPS-25513(NTSC-J); SLPS-25514(NTSC-J); SLPS-25515(NTSC-J); SLPS-25516(NTSC-J); SLPS-25517(NTSC-J); SLPS-25518(NTSC-J); SLPS-25519(NTSC-J); SLPS-25522(NTSC-J); SLPS-25523(NTSC-J); SLPS-25528(NTSC-J); SLPS-25532(NTSC-J); SLPS-25540(NTSC-J); SLPS-25543(NTSC-J); SLPS-25544(NTSC-J); SLPS-25545(NTSC-J); SLPS-25546(NTSC-J); SLPS-25547(NTSC-J); SLPS-25550(NTSC-J); SLPS-25551(NTSC-J); SLPS-25552(NTSC-J); SLPS-25553(NTSC-J); SLPS-25557(NTSC-J); SLPS-25558(NTSC-J); SLPS-25563(NTSC-J); SLPS-25568(NTSC-J); SLPS-25570(NTSC-J); SLPS-25572(NTSC-J); SLPS-25576(NTSC-J); SLPS-25577(NTSC-J); SLPS-25580(NTSC-J); SLPS-25582(NTSC-J); SLPS-25583(NTSC-J); SLPS-25584(NTSC-J); SLPS-25586(NTSC-J); SLPS-25587(NTSC-J); SLPS-25588(NTSC-J); SLPS-25591(NTSC-J); SLPS-25593(NTSC-J); SLPS-25594(NTSC-J); SLPS-25595(NTSC-J); SLPS-25596(NTSC-J); SLPS-25599(NTSC-J); SLPS-25600(NTSC-J); SLPS-25601(NTSC-J); SLPS-25604(NTSC-J); SLPS-25621(NTSC-J); SLPS-25622(NTSC-J); SLPS-25624(NTSC-J); SLPS-25625(NTSC-J); SLPS-25629(NTSC-J); SLPS-25633(NTSC-J); SLPS-25640(NTSC-J); SLPS-25641(NTSC-J); SLPS-25643(NTSC-J); SLPS-25649(NTSC-J); SLPS-25650(NTSC-J); SLPS-25653(NTSC-J); SLPS-25654(NTSC-J); SLPS-25657(NTSC-J); SLPS-25658(NTSC-J); SLPS-25659(NTSC-J); SLPS-25662(NTSC-J); SLPS-25663(NTSC-J); SLPS-25666(NTSC-J); SLPS-25667(NTSC-J); SLPS-25668(NTSC-J); SLPS-25669(NTSC-J); SLPS-25670(NTSC-J); SLPS-25673(NTSC-J); SLPS-25678(NTSC-J); SLPS-25679(NTSC-J); SLPS-25683(NTSC-J); SLPS-25684(NTSC-J); SLPS-25685(NTSC-J); SLPS-25686(NTSC-J); SLPS-25687(NTSC-J); SLPS-25688(NTSC-J); SLPS-25689(NTSC-J); SLPS-25691(NTSC-J); SLPS-25693(NTSC-J); SLPS-25694(NTSC-J); SLPS-25696(NTSC-J); SLPS-25702(NTSC-J); SLPS-25708(NTSC-J); SLPS-25709(NTSC-J); SLPS-25715(NTSC-J); SLPS-25716(NTSC-J); SLPS-25719(NTSC-J); SLPS-25720(NTSC-J); SLPS-25723(NTSC-J); SLPS-25725(NTSC-J); SLPS-25728(NTSC-J); SLPS-25729(NTSC-J); SLPS-25730(NTSC-J); SLPS-25735(NTSC-J); SLPS-25736(NTSC-J); SLPS-25737(NTSC-J); SLPS-25740(NTSC-J); SLPS-25742(NTSC-J); SLPS-25743(NTSC-J); SLPS-25744(NTSC-J); SLPS-25753(NTSC-J); SLPS-25754(NTSC-J); SLPS-25759(NTSC-J); SLPS-25762(NTSC-J); SLPS-25763(NTSC-J); SLPS-25764(NTSC-J); SLPS-25766(NTSC-J); SLPS-25767(NTSC-J); SLPS-25771(NTSC-J); SLPS-25775(NTSC-J); SLPS-25777(NTSC-J); SLPS-25778(NTSC-J); SLPS-25780(NTSC-J); SLPS-25788(NTSC-J); SLPS-25795(NTSC-J); SLPS-25801(NTSC-J); SLPS-25802(NTSC-J); SLPS-25807(NTSC-J); SLPS-25808(NTSC-J); SLPS-25809(NTSC-J); SLPS-25817(NTSC-J); SLPS-25818(NTSC-J); SLPS-25821(NTSC-J); SLPS-25822(NTSC-J); SLPS-25825(NTSC-J); SLPS-25827(NTSC-J); SLPS-25830(NTSC-J); SLPS-25831(NTSC-J); SLPS-25838(NTSC-J); SLPS-25841(NTSC-J); SLPS-25843(NTSC-J); SLPS-25850(NTSC-J); SLPS-25855(NTSC-J); SLPS-25856(NTSC-J); SLPS-25858(NTSC-J); SLPS-25867(NTSC-J); SLPS-25868(NTSC-J); SLPS-25871(NTSC-J); SLPS-25872(NTSC-J); SLPS-25876(NTSC-J); SLPS-25877(NTSC-J); SLPS-25880(NTSC-J); SLPS-25884(NTSC-J); SLPS-25885(NTSC-J); SLPS-25886(NTSC-J); SLPS-25887(NTSC-J); SLPS-25888(NTSC-J); SLPS-25889(NTSC-J); SLPS-25891(NTSC-J); SLPS-25892(NTSC-J); SLPS-25893(NTSC-J); SLPS-25894(NTSC-J); SLPS-25897(NTSC-J); SLPS-25898(NTSC-J); SLPS-25902(NTSC-J); SLPS-25903(NTSC-J); SLPS-25912(NTSC-J); SLPS-25916(NTSC-J); SLPS-25917(NTSC-J); SLPS-25918(NTSC-J); SLPS-25919(NTSC-J); SLPS-25927(NTSC-J); SLPS-25928(NTSC-J); SLPS-25929(NTSC-J); SLPS-25932(NTSC-J); SLPS-25937(NTSC-J); SLPS-25940(NTSC-J); SLPS-25944(NTSC-J); SLPS-25945(NTSC-J); SLPS-25946(NTSC-J); SLPS-25947(NTSC-J); SLPS-25948(NTSC-J); SLPS-25953(NTSC-J); SLPS-25954(NTSC-J); SLPS-25981(NTSC-J); SLPS-25982(NTSC-J); SLPS-25986(NTSC-J); SLPS-25987(NTSC-J); SLPS-25989(NTSC-J); SLPS-29001(NTSC-J); SLPS-29002(NTSC-J); SLPS-29003(NTSC-J); SLPS-29004(NTSC-J); SLPS-29005(NTSC-J); SLPS-71501(NTSC-J); SLPS-71502(NTSC-J); SLPS-72501(NTSC-J); SLPS-73002(NTSC-J); SLPS-73004(NTSC-J); SLPS-73005(NTSC-J); SLPS-73101(NTSC-J); SLPS-73103(NTSC-J); SLPS-73104(NTSC-J); SLPS-73105(NTSC-J); SLPS-73107(NTSC-J); SLPS-73110(NTSC-J); SLPS-73111(NTSC-J); SLPS-73201(NTSC-J); SLPS-73202(NTSC-J); SLPS-73203(NTSC-J); SLPS-73204(NTSC-J); SLPS-73210(NTSC-J); SLPS-73214(NTSC-J); SLPS-73215(NTSC-J); SLPS-73216(NTSC-J); SLPS-73217(NTSC-J); SLPS-73220(NTSC-J); SLPS-73224(NTSC-J); SLPS-73225(NTSC-J); SLPS-73226(NTSC-J); SLPS-73228(NTSC-J); SLPS-73229(NTSC-J); SLPS-73236(NTSC-J); SLPS-73237(NTSC-J); SLPS-73240(NTSC-J); SLPS-73241(NTSC-J); SLPS-73242(NTSC-J); SLPS-73245(NTSC-J); SLPS-73247(NTSC-J); SLPS-73249(NTSC-J); SLPS-73250(NTSC-J); SLPS-73252(NTSC-J); SLPS-73253(NTSC-J); SLPS-73256(NTSC-J); SLPS-73257(NTSC-J); SLPS-73264(NTSC-J); SLPS-73270(NTSC-J); SLPS-73412(NTSC-J); SLPS-73418(NTSC-J); SLPS-73419(NTSC-J); SLPS-73421(NTSC-J); SLPS-73901(NTSC-J); TCPS-10073(NTSC-J); TCPS-10074(NTSC-J); TCPS-10075(NTSC-J); TCPS-10084(NTSC-J); TCPS-10094(NTSC-J); TCPS-10107(NTSC-J); TCPS-10109(NTSC-J); TCPS-10111(NTSC-J); TCPS-10113(NTSC-J); TCPS-10115(NTSC-J); TCPS-10117(NTSC-J); TCPS-10123(NTSC-J); TCPS-10124(NTSC-J); TCPS-10125(NTSC-J); TCPS-10128(NTSC-J); TCPS-10131(NTSC-J); TCPS-10147(NTSC-J); TCPS-10148(NTSC-J); TCPS-10152(NTSC-J); TCPS-10153(NTSC-J); TCPS-10160(NTSC-J); TCPS-10164(NTSC-J); TCPS-10166(NTSC-J); TCPS-10168(NTSC-J); TCPS-10178(NTSC-J); TCPS-10181(NTSC-J); TCPS-10182(NTSC-J); TCPS-10183(NTSC-J); TCPS-10184(NTSC-J)
街道バトル2 CHAIN REACTION [体験版]	SLPM-65514(NTSC-J)	SLPM-60228(NTSC-J)
零 ～zero～	SLPS-25074(NTSC-J)	SCPS-55002(NTSC-J); SCPS-55043(NTSC-J); SLPM-60167(NTSC-J); SLPM-65635(NTSC-J); SLPM-66409(NTSC-J); SLPS-73255(NTSC-J); SLPS-73405(NTSC-J)
首都高バトル0 [体験版]	SLPS-25028(NTSC-J)	SLPM-60132(NTSC-J); SLPM-74211(NTSC-J); SLPS-73402(NTSC-J)
魔剣爻 -MAKEN SHAO- [体験版]	SLPS-25042(NTSC-J)	SLPM-61007(NTSC-J); SLPS-25043(NTSC-J)
더 킹 오브 파이터즈 2000	SLPM-62040(NTSC-J)	SLKA-25045(NTSC-K); SLPM-60114(NTSC-J); SLPM-62002(NTSC-J); SLPM-62009(NTSC-J); SLPS-20036(NTSC-J); SLPS-20244(NTSC-J)
드래곤볼 Z	SLPS-25642(NTSC-J)	SLKA-25046(NTSC-K); SLKA-25307(NTSC-K); SLKA-25397(NTSC-K); SLPM-61152(NTSC-J); SLPM-61162(NTSC-J); SLPM-62342(NTSC-J); SLPS-25174(NTSC-J); SLPS-25560(NTSC-J); SLPS-25575(NTSC-J); SLPS-25690(NTSC-J); SLPS-25815(NTSC-J); SLPS-25905(NTSC-J); SLPS-73207(NTSC-J)
록맨 X7	SLPM-65331(NTSC-J)	SLKA-25115(NTSC-K); SLPM-60207(NTSC-J)
수도고 배틀 01	SLPM-65308(NTSC-J)	SLKA-25084(NTSC-K); SLPM-60206(NTSC-J); SLPM-74204(NTSC-J)
